recorded_at_utc,dataset_window,instrument,contract,bar_type,candle_mode,source_rows,strategy,calculation_mode,fast_length,slow_length,selection,take_profit_ticks,stop_loss_ticks,use_trailing_stop,trail_trigger_ticks,trail_offset_ticks,gross_pnl,fees,net_pnl,max_drawdown,net_to_drawdown,trade_count,fill_count,win_rate_pct,profit_factor,execution_backend,source_output,strategy_parameters
2026-08-06,2026-07-05T22:00:00Z/2026-08-03T23:47:00Z,ES,ESU6,minute_1,heikin_ashi,29087,HmaCross,incremental,36,300,baseline_risk_ratio,0,0,false,0,0,9012.50,3067.20,5945.30,12079.28,0.492190,533,1065,37.0301,1.063878,prepared_cpu,/tmp/midas-es-1m-ha-hma-incremental-output-v6,{}
2026-08-06,2026-07-05T22:00:00Z/2026-08-03T23:47:00Z,ES,ESU6,minute_1,heikin_ashi,29087,HmaCross,incremental,36,300,tpsl_best_risk_ratio,40,0,false,0,0,12512.50,3067.20,9445.30,4259.26,2.217592,533,1065,43.6090,1.118449,prepared_cpu,/tmp/midas-es-1m-ha-hma36-300-tpsl-output-v1,{}
2026-08-06,2026-07-05T22:00:00Z/2026-08-03T23:47:00Z,ES,ESU6,minute_1,heikin_ashi,29087,HmaCross,incremental,36,300,tpsl_best_net,60,0,false,0,0,13012.50,3067.20,9945.30,5796.76,1.715665,533,1065,40.9774,1.117336,prepared_cpu,/tmp/midas-es-1m-ha-hma36-300-tpsl-output-v1,{}
2026-08-06,2026-07-05T22:00:00Z/2026-08-03T23:47:00Z,ES,ESU6,minute_1,heikin_ashi,29087,HmaCross,incremental,36,300,trail_best_risk_ratio,40,0,true,20,30,11850.00,3067.20,8782.80,4532.68,1.937662,533,1065,40.4135,1.133875,prepared_cpu,/tmp/midas-es-1m-ha-hma36-300-trail-output-v1,{}
2026-08-06,2026-07-05T22:00:00Z/2026-08-03T23:35:00Z,GC,GCZ6,minute_1,heikin_ashi,19191,HmaCross,incremental,7,300,baseline_risk_ratio,0,0,false,0,0,47270.00,4445.40,42824.60,25981.70,1.648260,717,1434,33.3333,1.278473,prepared_cpu,/tmp/midas-gc-1m-ha-hma-incremental-output-v6,{}
2026-08-06,2026-07-05T22:00:00Z/2026-08-03T23:35:00Z,GC,GCZ6,minute_1,heikin_ashi,19191,HmaCross,incremental,7,300,tpsl_best_risk_ratio,0,20,false,0,0,51990.00,4445.40,47544.60,8883.90,5.351771,717,1434,26.9177,1.493720,prepared_cpu,/tmp/midas-gc-1m-ha-hma7-300-tpsl-output-v1,{}
2026-08-06,2026-07-05T22:00:00Z/2026-08-03T23:35:00Z,GC,GCZ6,minute_1,heikin_ashi,19191,HmaCross,incremental,7,300,trail_best_risk_ratio,0,20,true,10,10,52240.00,4445.40,47794.60,1819.90,26.262212,717,1434,57.7406,1.958026,prepared_cpu,/tmp/midas-gc-1m-ha-hma7-300-trail-output-v1,{}
2026-08-06,2026-07-05T22:00:00Z/2026-08-03T23:35:00Z,GC,GCZ6,minute_1,heikin_ashi,19191,HmaCross,incremental,7,300,trail_best_net,0,20,true,40,5,57190.00,4445.40,52744.60,3295.10,16.006980,717,1434,39.6095,1.664921,prepared_cpu,/tmp/midas-gc-1m-ha-hma7-300-trail-output-v1,{}
2026-08-06,2026-07-31T16:14:33.859Z/2026-08-03T23:59:55.024Z,ES,ESU6,volume_500,heikin_ashi,4088,Adx,reference,,,signal_best_risk_ratio,0,0,false,0,0,3150.00,161.28,2988.72,548.04,5.453471,28,30,50.0000,2.198777,batch_cpu_reference,/tmp/midas-es-volume500-ha-adx-output-v1,"{""native_adx.adx_length"":21,""native_adx.adx_entry_threshold"":30,""native_adx.adx_exit_threshold"":10,""native_adx.di_imbalance_threshold"":0.1,""native_adx.slope_lookback"":1,""native_adx.breakout_lookback"":20}"
2026-08-06,2026-07-27T22:00:00.371Z/2026-08-03T23:19:31.502Z,GC,GCZ6,volume_500,heikin_ashi,903,Adx,reference,,,signal_best_risk_ratio,0,0,false,0,0,13790.00,80.60,13709.40,2849.30,4.811498,13,17,61.5385,3.089529,batch_cpu_reference,/tmp/midas-gc-volume500-ha-adx-output-v1,"{""native_adx.adx_length"":7,""native_adx.adx_entry_threshold"":20,""native_adx.adx_exit_threshold"":10,""native_adx.di_imbalance_threshold"":0.05,""native_adx.slope_lookback"":1,""native_adx.breakout_lookback"":20}"
2026-08-06,2026-07-31T16:14:33.859Z/2026-08-03T23:59:55.024Z,ES,ESU6,volume_500,heikin_ashi,4088,Adx,reference,,,tpsl_best_risk_and_net,0,20,false,0,0,3175.00,161.28,3013.72,550.92,5.470341,28,30,50.0000,2.221049,batch_cpu_reference,/tmp/midas-es-volume500-ha-adx-tpsl-output-v1,"{""native_adx.adx_length"":21,""native_adx.adx_entry_threshold"":30,""native_adx.adx_exit_threshold"":10,""native_adx.di_imbalance_threshold"":0.1,""native_adx.slope_lookback"":1,""native_adx.breakout_lookback"":20,""native_adx.take_profit_ticks"":0,""native_adx.stop_loss_ticks"":20}"
2026-08-06,2026-07-31T16:14:33.859Z/2026-08-03T23:59:55.024Z,ES,ESU6,volume_500,heikin_ashi,4088,Adx,reference,,,trail_best_risk_ratio,0,20,true,60,60,3175.00,161.28,3013.72,550.92,5.470341,28,30,50.0000,2.221049,batch_cpu_reference,/tmp/midas-es-volume500-ha-adx-trail-output-v1,"{""native_adx.adx_length"":21,""native_adx.adx_entry_threshold"":30,""native_adx.adx_exit_threshold"":10,""native_adx.di_imbalance_threshold"":0.1,""native_adx.slope_lookback"":1,""native_adx.breakout_lookback"":20,""native_adx.take_profit_ticks"":0,""native_adx.stop_loss_ticks"":20,""native_adx.trail_trigger_ticks"":60,""native_adx.trail_offset_ticks"":60}"
2026-08-06,2026-07-27T22:00:00.371Z/2026-08-03T23:19:31.502Z,GC,GCZ6,volume_500,heikin_ashi,903,Adx,reference,,,tpsl_best_net_robust,0,100,false,0,0,14450.00,80.60,14369.40,2015.50,7.129447,13,17,53.8462,3.748967,batch_cpu_reference,/tmp/midas-gc-volume500-ha-adx-tpsl-output-v1,"{""native_adx.adx_length"":7,""native_adx.adx_entry_threshold"":20,""native_adx.adx_exit_threshold"":10,""native_adx.di_imbalance_threshold"":0.05,""native_adx.slope_lookback"":1,""native_adx.breakout_lookback"":20,""native_adx.take_profit_ticks"":0,""native_adx.stop_loss_ticks"":100}"
2026-08-06,2026-07-27T22:00:00.371Z/2026-08-03T23:19:31.502Z,GC,GCZ6,volume_500,heikin_ashi,903,Adx,reference,,,trail_best_net_robust,0,100,true,80,5,7159.99,80.60,7079.40,1009.30,7.014168,13,17,76.9231,3.345259,batch_cpu_reference,/tmp/midas-gc-volume500-ha-adx-trail-robust-output-v1,"{""native_adx.adx_length"":7,""native_adx.adx_entry_threshold"":20,""native_adx.adx_exit_threshold"":10,""native_adx.di_imbalance_threshold"":0.05,""native_adx.slope_lookback"":1,""native_adx.breakout_lookback"":20,""native_adx.take_profit_ticks"":0,""native_adx.stop_loss_ticks"":100,""native_adx.trail_trigger_ticks"":80,""native_adx.trail_offset_ticks"":5}"
2026-08-06,2026-07-27T22:00:00.371Z/2026-08-03T23:19:31.502Z,GC,GCZ6,volume_500,heikin_ashi,903,Adx,reference,,,tpsl_short_window_high_ratio,60,0,false,0,0,7800.00,80.60,7719.40,3.10,2490.129032,13,17,100.0000,,batch_cpu_reference,/tmp/midas-gc-volume500-ha-adx-tpsl-output-v1,"{""native_adx.adx_length"":7,""native_adx.adx_entry_threshold"":20,""native_adx.adx_exit_threshold"":10,""native_adx.di_imbalance_threshold"":0.05,""native_adx.slope_lookback"":1,""native_adx.breakout_lookback"":20,""native_adx.take_profit_ticks"":60,""native_adx.stop_loss_ticks"":0}"
2026-08-06,2026-07-27T22:00:00.371Z/2026-08-03T23:19:31.502Z,GC,GCZ6,volume_500,heikin_ashi,903,Adx,reference,,,trail_short_window_high_ratio,60,0,true,60,40,4600.00,80.60,4519.40,1009.30,4.477757,13,17,84.6154,3.245776,batch_cpu_reference,/tmp/midas-gc-volume500-ha-adx-trail-highratio-output-v1,"{""native_adx.adx_length"":7,""native_adx.adx_entry_threshold"":20,""native_adx.adx_exit_threshold"":10,""native_adx.di_imbalance_threshold"":0.05,""native_adx.slope_lookback"":1,""native_adx.breakout_lookback"":20,""native_adx.take_profit_ticks"":60,""native_adx.stop_loss_ticks"":0,""native_adx.trail_trigger_ticks"":60,""native_adx.trail_offset_ticks"":40}"
2026-08-06,2026-07-31T16:14:33.859Z/2026-08-03T23:59:55.024Z,ES,ESU6,volume_500,heikin_ashi,4088,Adx,reference,,,small_tp_low_drawdown,5,0,false,0,0,1112.50,161.28,951.22,307.66,3.091790,28,30,89.2857,3.035653,batch_cpu_reference,/tmp/midas-es-volume500-ha-adx-small-tp-output-v1,"{""native_adx.adx_length"":21,""native_adx.adx_entry_threshold"":30,""native_adx.adx_exit_threshold"":10,""native_adx.di_imbalance_threshold"":0.1,""native_adx.slope_lookback"":1,""native_adx.breakout_lookback"":20,""native_adx.take_profit_ticks"":5,""native_adx.stop_loss_ticks"":0}"
2026-08-06,2026-07-31T16:14:33.859Z/2026-08-03T23:59:55.024Z,ES,ESU6,volume_500,heikin_ashi,4088,Adx,reference,,,small_tp_best_net,20,20,false,0,0,1412.50,161.28,1251.22,550.92,2.271146,28,30,53.5714,1.518666,batch_cpu_reference,/tmp/midas-es-volume500-ha-adx-small-tp-output-v1,"{""native_adx.adx_length"":21,""native_adx.adx_entry_threshold"":30,""native_adx.adx_exit_threshold"":10,""native_adx.di_imbalance_threshold"":0.1,""native_adx.slope_lookback"":1,""native_adx.breakout_lookback"":20,""native_adx.take_profit_ticks"":20,""native_adx.stop_loss_ticks"":20}"
2026-08-06,2026-07-27T22:00:00.371Z/2026-08-03T23:19:31.502Z,GC,GCZ6,volume_500,heikin_ashi,903,Adx,reference,,,small_tp_low_drawdown_artifact,5,0,false,0,0,650.00,80.60,569.40,3.10,183.677419,13,17,100.0000,,batch_cpu_reference,/tmp/midas-gc-volume500-ha-adx-small-tp-output-v1,"{""native_adx.adx_length"":7,""native_adx.adx_entry_threshold"":20,""native_adx.adx_exit_threshold"":10,""native_adx.di_imbalance_threshold"":0.05,""native_adx.slope_lookback"":1,""native_adx.breakout_lookback"":20,""native_adx.take_profit_ticks"":5,""native_adx.stop_loss_ticks"":0}"
2026-08-06,2026-07-27T22:00:00.371Z/2026-08-03T23:19:31.502Z,GC,GCZ6,volume_500,heikin_ashi,903,Adx,reference,,,small_tp_best_net_artifact,20,0,false,0,0,2600.00,80.60,2519.40,3.10,812.709677,13,17,100.0000,,batch_cpu_reference,/tmp/midas-gc-volume500-ha-adx-small-tp-output-v1,"{""native_adx.adx_length"":7,""native_adx.adx_entry_threshold"":20,""native_adx.adx_exit_threshold"":10,""native_adx.di_imbalance_threshold"":0.05,""native_adx.slope_lookback"":1,""native_adx.breakout_lookback"":20,""native_adx.take_profit_ticks"":20,""native_adx.stop_loss_ticks"":0}"
2026-08-06,2026-07-27T22:00:00.371Z/2026-08-03T23:19:31.502Z,GC,GCZ6,volume_500,heikin_ashi,903,Adx,reference,,,tp50_70_sweep_low_endpoint,50,0,false,0,0,6500.00,80.60,6419.40,3.10,2070.774194,13,17,100.0000,,batch_cpu_reference,/tmp/midas-gc-volume500-ha-adx-tp50-70-output-v1,"{""native_adx.adx_length"":7,""native_adx.adx_entry_threshold"":20,""native_adx.adx_exit_threshold"":10,""native_adx.di_imbalance_threshold"":0.05,""native_adx.slope_lookback"":1,""native_adx.breakout_lookback"":20,""native_adx.take_profit_ticks"":50,""native_adx.stop_loss_ticks"":0}"
2026-08-06,2026-07-27T22:00:00.371Z/2026-08-03T23:19:31.502Z,GC,GCZ6,volume_500,heikin_ashi,903,Adx,reference,,,tp50_70_sweep_high_endpoint,70,0,false,0,0,9100.00,80.60,9019.40,3.10,2909.483871,13,17,100.0000,,batch_cpu_reference,/tmp/midas-gc-volume500-ha-adx-tp50-70-output-v1,"{""native_adx.adx_length"":7,""native_adx.adx_entry_threshold"":20,""native_adx.adx_exit_threshold"":10,""native_adx.di_imbalance_threshold"":0.05,""native_adx.slope_lookback"":1,""native_adx.breakout_lookback"":20,""native_adx.take_profit_ticks"":70,""native_adx.stop_loss_ticks"":0}"
2026-08-06,2026-07-27T22:00:00.371Z/2026-08-03T23:19:31.502Z,GC,GCZ6,volume_500,heikin_ashi,903,Adx,reference,,,tp70_80_last_all_winners,72,0,false,0,0,9360.00,80.60,9279.40,3.10,2993.354839,13,17,100.0000,,batch_cpu_reference,/tmp/midas-gc-volume500-ha-adx-tp70-80-output-v1,"{""native_adx.adx_length"":7,""native_adx.adx_entry_threshold"":20,""native_adx.adx_exit_threshold"":10,""native_adx.di_imbalance_threshold"":0.05,""native_adx.slope_lookback"":1,""native_adx.breakout_lookback"":20,""native_adx.take_profit_ticks"":72,""native_adx.stop_loss_ticks"":0}"
2026-08-06,2026-07-27T22:00:00.371Z/2026-08-03T23:19:31.502Z,GC,GCZ6,volume_500,heikin_ashi,903,Adx,reference,,,tp70_80_breakpoint,75,0,false,0,0,8560.00,80.60,8479.40,449.30,18.872468,13,17,92.3077,20.003586,batch_cpu_reference,/tmp/midas-gc-volume500-ha-adx-tp70-80-output-v1,"{""native_adx.adx_length"":7,""native_adx.adx_entry_threshold"":20,""native_adx.adx_exit_threshold"":10,""native_adx.di_imbalance_threshold"":0.05,""native_adx.slope_lookback"":1,""native_adx.breakout_lookback"":20,""native_adx.take_profit_ticks"":75,""native_adx.stop_loss_ticks"":0}"
2026-08-06,2026-07-27T22:00:00.371Z/2026-08-03T23:19:31.502Z,GC,GCZ6,volume_500,heikin_ashi,903,Adx,reference,,,tp70_80_high_endpoint,80,0,false,0,0,9160.00,80.60,9079.40,449.30,20.207879,13,17,92.3077,21.348274,batch_cpu_reference,/tmp/midas-gc-volume500-ha-adx-tp70-80-output-v1,"{""native_adx.adx_length"":7,""native_adx.adx_entry_threshold"":20,""native_adx.adx_exit_threshold"":10,""native_adx.di_imbalance_threshold"":0.05,""native_adx.slope_lookback"":1,""native_adx.breakout_lookback"":20,""native_adx.take_profit_ticks"":80,""native_adx.stop_loss_ticks"":0}"
2026-08-06,2026-07-27T22:00:00.371Z/2026-08-03T23:19:31.502Z,GC,GCZ6,volume_500,heikin_ashi,903,Adx,reference,,,tp60_72_candidate,62,0,false,0,0,8060.00,80.60,7979.40,3.10,2574.000000,13,17,100.0000,,batch_cpu_reference,/tmp/midas-gc-volume500-ha-adx-tp50-70-output-v1,"{""native_adx.adx_length"":7,""native_adx.adx_entry_threshold"":20,""native_adx.adx_exit_threshold"":10,""native_adx.di_imbalance_threshold"":0.05,""native_adx.slope_lookback"":1,""native_adx.breakout_lookback"":20,""native_adx.take_profit_ticks"":62,""native_adx.stop_loss_ticks"":0}"
2026-08-06,2026-07-27T22:00:00.371Z/2026-08-03T23:19:31.502Z,GC,GCZ6,volume_500,heikin_ashi,903,Adx,reference,,,tp60_72_candidate,65,0,false,0,0,8450.00,80.60,8369.40,3.10,2699.806452,13,17,100.0000,,batch_cpu_reference,/tmp/midas-gc-volume500-ha-adx-tp50-70-output-v1,"{""native_adx.adx_length"":7,""native_adx.adx_entry_threshold"":20,""native_adx.adx_exit_threshold"":10,""native_adx.di_imbalance_threshold"":0.05,""native_adx.slope_lookback"":1,""native_adx.breakout_lookback"":20,""native_adx.take_profit_ticks"":65,""native_adx.stop_loss_ticks"":0}"
2026-08-06,2026-07-27T22:00:00.371Z/2026-08-03T23:19:31.502Z,GC,GCZ6,volume_500,heikin_ashi,903,Adx,reference,,,tp60_72_candidate,68,0,false,0,0,8840.00,80.60,8759.40,3.10,2825.612903,13,17,100.0000,,batch_cpu_reference,/tmp/midas-gc-volume500-ha-adx-tp50-70-output-v1,"{""native_adx.adx_length"":7,""native_adx.adx_entry_threshold"":20,""native_adx.adx_exit_threshold"":10,""native_adx.di_imbalance_threshold"":0.05,""native_adx.slope_lookback"":1,""native_adx.breakout_lookback"":20,""native_adx.take_profit_ticks"":68,""native_adx.stop_loss_ticks"":0}"
2026-08-06,2026-07-27T22:00:00.371Z/2026-08-03T23:19:31.502Z,GC,GCZ6,volume_500,heikin_ashi,903,Adx,reference,,,tp70_80_candidate,78,0,false,0,0,8920.00,80.60,8839.40,449.30,19.673714,13,17,92.3077,20.810398,batch_cpu_reference,/tmp/midas-gc-volume500-ha-adx-tp70-80-output-v1,"{""native_adx.adx_length"":7,""native_adx.adx_entry_threshold"":20,""native_adx.adx_exit_threshold"":10,""native_adx.di_imbalance_threshold"":0.05,""native_adx.slope_lookback"":1,""native_adx.breakout_lookback"":20,""native_adx.take_profit_ticks"":78,""native_adx.stop_loss_ticks"":0}"
2026-08-06,2026-07-31T16:14:33.859Z/2026-08-03T23:59:55.024Z,ES,ESU6,volume_500,heikin_ashi,4088,Adx,reference,,,tp60_80_low_endpoint,60,0,false,0,0,2362.50,161.28,2201.22,550.92,3.995535,28,30,50.0000,1.882911,batch_cpu_reference,/tmp/midas-es-volume500-ha-adx-tp60-80-output-v1,"{""native_adx.adx_length"":21,""native_adx.adx_entry_threshold"":30,""native_adx.adx_exit_threshold"":10,""native_adx.di_imbalance_threshold"":0.1,""native_adx.slope_lookback"":1,""native_adx.breakout_lookback"":20,""native_adx.take_profit_ticks"":60,""native_adx.stop_loss_ticks"":0}"
2026-08-06,2026-07-31T16:14:33.859Z/2026-08-03T23:59:55.024Z,ES,ESU6,volume_500,heikin_ashi,4088,Adx,reference,,,tp60_80_best_net,72,0,false,0,0,2962.50,161.28,2801.22,550.92,5.084622,28,30,50.0000,2.123571,batch_cpu_reference,/tmp/midas-es-volume500-ha-adx-tp60-80-output-v1,"{""native_adx.adx_length"":21,""native_adx.adx_entry_threshold"":30,""native_adx.adx_exit_threshold"":10,""native_adx.di_imbalance_threshold"":0.1,""native_adx.slope_lookback"":1,""native_adx.breakout_lookback"":20,""native_adx.take_profit_ticks"":72,""native_adx.stop_loss_ticks"":0}"
2026-08-06,2026-07-31T16:14:33.859Z/2026-08-03T23:59:55.024Z,ES,ESU6,volume_500,heikin_ashi,4088,Adx,reference,,,tp60_80_high_endpoint,80,0,false,0,0,2812.50,161.28,2651.22,550.92,4.812350,28,30,50.0000,2.063406,batch_cpu_reference,/tmp/midas-es-volume500-ha-adx-tp60-80-output-v1,"{""native_adx.adx_length"":21,""native_adx.adx_entry_threshold"":30,""native_adx.adx_exit_threshold"":10,""native_adx.di_imbalance_threshold"":0.1,""native_adx.slope_lookback"":1,""native_adx.breakout_lookback"":20,""native_adx.take_profit_ticks"":80,""native_adx.stop_loss_ticks"":0}"
2026-08-06,2026-07-30T14:20:41.549Z/2026-08-03T23:59:55.024Z,ES,ESU6,volume_1000,heikin_ashi,4096,Adx,reference,,,signal_best_robustness,0,0,false,0,0,3950.00,345.60,3604.40,2097.92,1.718083,60,63,40.0000,1.366585,batch_cpu_reference,/tmp/midas-es-volume1000-ha-adx-output-v1,"{""native_adx.adx_length"":21,""native_adx.adx_entry_threshold"":25,""native_adx.adx_exit_threshold"":10,""native_adx.di_imbalance_threshold"":0.05,""native_adx.slope_lookback"":1,""native_adx.breakout_lookback"":0}"
2026-08-06,2026-07-27T22:00:00.003Z/2026-08-03T23:16:05.283Z,ES,ESU6,volume_5500,heikin_ashi,1452,Adx,reference,,,signal_best_robustness,0,0,false,0,0,21562.50,80.64,21481.86,1461.52,14.698300,14,19,78.5714,13.509236,batch_cpu_reference,/tmp/midas-es-volume5500-ha-adx-output-v1,"{""native_adx.adx_length"":14,""native_adx.adx_entry_threshold"":25,""native_adx.adx_exit_threshold"":15,""native_adx.di_imbalance_threshold"":0.1,""native_adx.slope_lookback"":1,""native_adx.breakout_lookback"":20}"
2026-08-06,2026-07-30T14:20:41.549Z/2026-08-03T23:59:55.024Z,ES,ESU6,volume_1000,heikin_ashi,4096,Adx,reference,,,expanded_best_robustness,0,0,false,0,0,11612.50,74.88,11537.62,1164.40,9.908640,13,16,46.1538,5.349191,batch_cpu_reference,/tmp/midas-es-volume1000-ha-adx-expanded-v1,"{""native_adx.adx_length"":42,""native_adx.adx_entry_threshold"":20,""native_adx.adx_exit_threshold"":5,""native_adx.di_imbalance_threshold"":0.1,""native_adx.slope_lookback"":3,""native_adx.breakout_lookback"":10}"
2026-08-06,2026-07-30T14:20:41.549Z/2026-08-03T23:59:55.024Z,ES,ESU6,volume_1000,heikin_ashi,4096,Adx,reference,,,expanded_best_net_pnl,0,0,false,0,0,12525.00,69.12,12455.88,1572.06,7.923285,12,15,58.3333,7.101935,batch_cpu_reference,/tmp/midas-es-volume1000-ha-adx-expanded-v1,"{""native_adx.adx_length"":35,""native_adx.adx_entry_threshold"":20,""native_adx.adx_exit_threshold"":10,""native_adx.di_imbalance_threshold"":0.05,""native_adx.slope_lookback"":3,""native_adx.breakout_lookback"":10}"
2026-08-06,2026-07-27T22:00:00.003Z/2026-08-03T23:16:05.283Z,ES,ESU6,volume_5500,heikin_ashi,1452,Adx,reference,,,expanded_best_robustness,0,0,false,0,0,17037.50,63.36,16974.14,405.76,41.832955,11,16,81.8182,38.802637,batch_cpu_reference,/tmp/midas-es-volume5500-ha-adx-expanded-v1,"{""native_adx.adx_length"":21,""native_adx.adx_entry_threshold"":20,""native_adx.adx_exit_threshold"":10,""native_adx.di_imbalance_threshold"":0.05,""native_adx.slope_lookback"":3,""native_adx.breakout_lookback"":10}"
2026-08-06,2026-07-27T22:00:00.003Z/2026-08-03T23:16:05.283Z,ES,ESU6,volume_5500,heikin_ashi,1452,Adx,reference,,,expanded_best_net_pnl,0,0,false,0,0,17762.50,155.52,17606.98,2549.02,6.907353,27,32,55.5556,2.859410,batch_cpu_reference,/tmp/midas-es-volume5500-ha-adx-expanded-v1,"{""native_adx.adx_length"":5,""native_adx.adx_entry_threshold"":20,""native_adx.adx_exit_threshold"":5,""native_adx.di_imbalance_threshold"":0.05,""native_adx.slope_lookback"":3,""native_adx.breakout_lookback"":10}"
2026-08-06,2026-07-30T14:20:41.549Z/2026-08-03T23:59:55.024Z,ES,ESU6,volume_1000,heikin_ashi,4096,Adx,reference,,,expanded_complete_best_robustness,0,0,false,0,0,11462.50,74.88,11387.62,1164.40,9.779818,13,16,46.1538,5.292647,batch_cpu_reference,/tmp/midas-es-volume1000-ha-adx-expanded-complete-v1,"{""native_adx.adx_length"":42,""native_adx.adx_entry_threshold"":20,""native_adx.adx_exit_threshold"":5,""native_adx.di_imbalance_threshold"":0.1,""native_adx.slope_lookback"":3,""native_adx.breakout_lookback"":20}"
2026-08-06,2026-07-30T14:20:41.549Z/2026-08-03T23:59:55.024Z,ES,ESU6,volume_1000,heikin_ashi,4096,Adx,reference,,,expanded_complete_best_net_pnl,0,0,false,0,0,12525.00,69.12,12455.88,1572.06,7.923285,12,15,58.3333,7.101935,batch_cpu_reference,/tmp/midas-es-volume1000-ha-adx-expanded-complete-v1,"{""native_adx.adx_length"":35,""native_adx.adx_entry_threshold"":20,""native_adx.adx_exit_threshold"":10,""native_adx.di_imbalance_threshold"":0.05,""native_adx.slope_lookback"":3,""native_adx.breakout_lookback"":10}"
2026-08-06,2026-07-27T22:00:00.003Z/2026-08-03T23:16:05.283Z,ES,ESU6,volume_5500,heikin_ashi,1452,Adx,reference,,,expanded_complete_best_robustness,0,0,false,0,0,21337.50,103.68,21233.82,2174.02,9.767077,18,23,72.2222,6.286911,batch_cpu_reference,/tmp/midas-es-volume5500-ha-adx-expanded-complete-v1,"{""native_adx.adx_length"":7,""native_adx.adx_entry_threshold"":20,""native_adx.adx_exit_threshold"":5,""native_adx.di_imbalance_threshold"":0.05,""native_adx.slope_lookback"":1,""native_adx.breakout_lookback"":20}"
2026-08-06,2026-07-27T22:00:00.003Z/2026-08-03T23:16:05.283Z,ES,ESU6,volume_5500,heikin_ashi,1452,Adx,reference,,,expanded_complete_best_net_pnl,0,0,false,0,0,21562.50,80.64,21481.86,1461.52,14.698300,14,19,78.5714,13.509236,batch_cpu_reference,/tmp/midas-es-volume5500-ha-adx-expanded-complete-v1,"{""native_adx.adx_length"":14,""native_adx.adx_entry_threshold"":25,""native_adx.adx_exit_threshold"":15,""native_adx.di_imbalance_threshold"":0.1,""native_adx.slope_lookback"":1,""native_adx.breakout_lookback"":20}"
2026-08-06,2026-07-30T14:20:41.549Z/2026-08-03T23:59:55.024Z,ES,ESU6,volume_1000,heikin_ashi,4096,Adx,reference,,,trail_best_net_drawdown,0,0,true,30,60,12887.50,74.88,12812.62,864.40,14.822559,13,26,61.5385,8.103127,batch_cpu_reference,/tmp/midas-es-volume1000-adx42-20-5-trail-v1,"{""native_adx.adx_length"":42,""native_adx.adx_entry_threshold"":20,""native_adx.adx_exit_threshold"":5,""native_adx.di_imbalance_threshold"":0.1,""native_adx.slope_lookback"":3,""native_adx.breakout_lookback"":20}"
2026-08-06,2026-07-30T14:20:41.549Z/2026-08-03T23:59:55.024Z,ES,ESU6,volume_1000,heikin_ashi,4096,Adx,reference,,,trail_best_robustness,0,0,true,60,60,9975.00,69.12,9905.88,1195.16,8.288330,12,24,66.6667,7.150658,batch_cpu_reference,/tmp/midas-es-volume1000-adx35-20-10-trail-v1,"{""native_adx.adx_length"":35,""native_adx.adx_entry_threshold"":20,""native_adx.adx_exit_threshold"":10,""native_adx.di_imbalance_threshold"":0.05,""native_adx.slope_lookback"":3,""native_adx.breakout_lookback"":10}"
2026-08-06,2026-07-27T22:00:00.003Z/2026-08-03T23:16:05.283Z,ES,ESU6,volume_5500,heikin_ashi,1452,Adx,reference,,,trail_best_robustness,0,0,true,60,60,15787.50,103.68,15683.82,1664.40,9.423107,18,36,77.7778,6.275348,batch_cpu_reference,/tmp/midas-es-volume5500-adx7-20-5-trail-v1,"{""native_adx.adx_length"":7,""native_adx.adx_entry_threshold"":20,""native_adx.adx_exit_threshold"":5,""native_adx.di_imbalance_threshold"":0.05,""native_adx.slope_lookback"":1,""native_adx.breakout_lookback"":20}"
2026-08-06,2026-07-27T22:00:00.003Z/2026-08-03T23:16:05.283Z,ES,ESU6,volume_5500,heikin_ashi,1452,Adx,reference,,,trail_best_robustness,0,0,true,60,60,15787.50,80.64,15706.86,1083.64,14.494537,14,28,85.7143,12.752058,batch_cpu_reference,/tmp/midas-es-volume5500-adx14-25-15-trail-v1,"{""native_adx.adx_length"":14,""native_adx.adx_entry_threshold"":25,""native_adx.adx_exit_threshold"":15,""native_adx.di_imbalance_threshold"":0.1,""native_adx.slope_lookback"":1,""native_adx.breakout_lookback"":20}"
2026-08-06,2026-07-30T14:20:41.549Z/2026-08-03T23:59:55.024Z,ES,ESU6,volume_1000,heikin_ashi,4096,Adx,reference,,,sim_test_perfect_win_artifact,10,0,false,0,0,1625.00,74.88,1550.12,2.88,538.236111,13,26,100.0000,,batch_cpu_reference,/tmp/midas-es-volume1000-adx42-20-5-tpsl-v1,"{""native_adx.adx_length"":42,""native_adx.adx_entry_threshold"":20,""native_adx.adx_exit_threshold"":5,""native_adx.di_imbalance_threshold"":0.1,""native_adx.slope_lookback"":3,""native_adx.breakout_lookback"":20,""native_adx.take_profit_ticks"":10,""native_adx.stop_loss_ticks"":0}"
2026-08-06,2026-07-27T22:00:00.003Z/2026-08-03T23:16:05.283Z,ES,ESU6,volume_5500,heikin_ashi,1452,Adx,reference,,,sim_test_perfect_win_artifact,10,80,false,0,0,2250.00,103.68,2146.32,2.88,745.250000,18,36,100.0000,,batch_cpu_reference,/tmp/midas-es-volume5500-adx7-20-5-tpsl-v1,"{""native_adx.adx_length"":7,""native_adx.adx_entry_threshold"":20,""native_adx.adx_exit_threshold"":5,""native_adx.di_imbalance_threshold"":0.05,""native_adx.slope_lookback"":1,""native_adx.breakout_lookback"":20,""native_adx.take_profit_ticks"":10,""native_adx.stop_loss_ticks"":80}"
2026-08-06,2026-07-27T22:00:00.003Z/2026-08-03T23:16:05.283Z,ES,ESU6,volume_5500,heikin_ashi,1452,Adx,reference,,,sim_test_perfect_win_artifact,10,80,false,0,0,1750.00,80.64,1669.36,2.88,579.638889,14,28,100.0000,,batch_cpu_reference,/tmp/midas-es-volume5500-adx14-25-15-tpsl-v1,"{""native_adx.adx_length"":14,""native_adx.adx_entry_threshold"":25,""native_adx.adx_exit_threshold"":15,""native_adx.di_imbalance_threshold"":0.1,""native_adx.slope_lookback"":1,""native_adx.breakout_lookback"":20,""native_adx.take_profit_ticks"":10,""native_adx.stop_loss_ticks"":80}"
2026-08-06,2026-07-27T22:00:00.003Z/2026-08-03T23:16:05.283Z,ES,ESU6,volume_5500,heikin_ashi,1452,Adx,reference,,,sim_test_low_dd,30,0,false,0,0,5800.00,103.68,5696.32,233.64,24.380757,18,36,94.4444,25.685041,batch_cpu_reference,/tmp/midas-es-volume5500-adx7-20-5-tpsl-v1,"{""native_adx.adx_length"":7,""native_adx.adx_entry_threshold"":20,""native_adx.adx_exit_threshold"":5,""native_adx.di_imbalance_threshold"":0.05,""native_adx.slope_lookback"":1,""native_adx.breakout_lookback"":20,""native_adx.take_profit_ticks"":30,""native_adx.stop_loss_ticks"":0}"
2026-08-06,2026-07-27T22:00:00.003Z/2026-08-03T23:16:05.283Z,ES,ESU6,volume_5500,heikin_ashi,1452,Adx,reference,,,sim_test_low_dd,30,0,false,0,0,4625.00,80.64,4544.36,255.76,17.768064,14,28,92.8571,18.768064,batch_cpu_reference,/tmp/midas-es-volume5500-adx14-25-15-tpsl-v1,"{""native_adx.adx_length"":14,""native_adx.adx_entry_threshold"":25,""native_adx.adx_exit_threshold"":15,""native_adx.di_imbalance_threshold"":0.1,""native_adx.slope_lookback"":1,""native_adx.breakout_lookback"":20,""native_adx.take_profit_ticks"":30,""native_adx.stop_loss_ticks"":0}"
2026-08-06,2026-07-30T14:20:41.549Z/2026-08-03T23:59:55.024Z,ES,ESU6,volume_1000,heikin_ashi,4096,Adx,reference,,,sim_test_low_dd,10,20,false,0,0,375.00,69.12,305.88,275.92,1.108582,12,24,75.0000,1.398655,batch_cpu_reference,/tmp/midas-es-volume1000-adx35-20-10-tpsl-v1,"{""native_adx.adx_length"":35,""native_adx.adx_entry_threshold"":20,""native_adx.adx_exit_threshold"":10,""native_adx.di_imbalance_threshold"":0.05,""native_adx.slope_lookback"":3,""native_adx.breakout_lookback"":10,""native_adx.take_profit_ticks"":10,""native_adx.stop_loss_ticks"":20}"
2026-08-08,2026-07-27T00:00:00.173Z/2026-08-02T23:59:26.210Z,GC,GCZ6,range_10,heikin_ashi,16459,EmaCross,streaming,10,30,ha_range10_baseline,0,0,false,0,0,-3190.00,3282.90,-6472.90,10900.50,-0.593817,530,1059,29.8677,0.933609,prepared_cpu,/home/nick/dev/Midas/trader/.run/replay-sweeps/gc-range10-ha-20260808/prior/ema1030-baseline,"{}"
2026-08-08,2026-08-03T00:00:01.452Z/2026-08-07T20:59:30.157Z,GC,GCZ6,range_10,heikin_ashi,20822,EmaCross,streaming,10,30,ha_range10_baseline,0,0,false,0,0,23110.00,4240.80,18869.20,9722.90,1.940697,684,1368,33.3333,1.178555,prepared_cpu,/home/nick/dev/Midas/trader/.run/replay-sweeps/gc-range10-ha-20260808/current/ema1030-baseline,"{}"
2026-08-08,2026-07-27T00:00:00.173Z/2026-08-02T23:59:26.210Z,GC,GCZ6,range_10,heikin_ashi,16459,EmaCross,streaming,10,30,ha_range10_trail_best_risk_ratio,40,40,true,10,5,15280.00,3286.00,11994.00,2520.90,4.757825,530,1060,71.1321,1.294631,prepared_cpu,/home/nick/dev/Midas/trader/.run/replay-sweeps/gc-range10-ha-20260808/prior/ema1030-protected,"{""native_ema.take_profit_ticks"":40,""native_ema.stop_loss_ticks"":40,""native_ema.use_trailing_stop"":true,""native_ema.trail_trigger_ticks"":10,""native_ema.trail_offset_ticks"":5}"
2026-08-08,2026-08-03T00:00:01.452Z/2026-08-07T20:59:30.157Z,GC,GCZ6,range_10,heikin_ashi,20822,EmaCross,streaming,10,30,ha_range10_trail_best_risk_ratio,40,40,true,10,5,18960.00,4240.80,14719.20,3529.90,4.169863,684,1368,70.7602,1.284704,prepared_cpu,/home/nick/dev/Midas/trader/.run/replay-sweeps/gc-range10-ha-20260808/current/ema1030-protected,"{""native_ema.take_profit_ticks"":40,""native_ema.stop_loss_ticks"":40,""native_ema.use_trailing_stop"":true,""native_ema.trail_trigger_ticks"":10,""native_ema.trail_offset_ticks"":5}"
2026-08-08,2026-08-03T00:00:01.452Z/2026-08-07T20:59:30.157Z,GC,GCZ6,range_10,heikin_ashi,20822,EmaCross,streaming,10,30,ha_range10_trail_best_net,40,40,true,20,5,19040.00,4240.80,14799.20,4675.10,3.165537,684,1368,57.1637,1.195481,prepared_cpu,/home/nick/dev/Midas/trader/.run/replay-sweeps/gc-range10-ha-20260808/current/ema1030-protected,"{""native_ema.take_profit_ticks"":40,""native_ema.stop_loss_ticks"":40,""native_ema.use_trailing_stop"":true,""native_ema.trail_trigger_ticks"":20,""native_ema.trail_offset_ticks"":5}"
2026-08-08,2026-07-27T00:00:00.173Z/2026-08-02T23:59:26.210Z,GC,GCZ6,range_10,standard,16459,HmaCross,incremental,3,300,range10_baseline,0,0,false,0,0,26970.00,7523.70,19446.30,6049.10,3.214782,1214,2427,23.4955,1.227017,prepared_cpu,/home/nick/dev/Midas/trader/.run/replay-sweeps/gc-range10-compare-20260808/prior/hma,"{}"
2026-08-08,2026-08-03T00:00:01.452Z/2026-08-07T20:59:30.157Z,GC,GCZ6,range_10,standard,20822,HmaCross,incremental,3,300,range10_baseline,0,0,false,0,0,42020.00,9293.80,32726.20,6646.70,4.924002,1499,2998,23.8159,1.307431,prepared_cpu,/home/nick/dev/Midas/trader/.run/replay-sweeps/gc-range10-compare-20260808/current/hma,"{}"
2026-08-08,2026-07-27T00:00:00.173Z/2026-08-02T23:59:26.210Z,GC,GCZ6,range_10,standard,16459,HmaCross,incremental,3,300,tpsl_best_net,60,0,false,0,0,34470.00,7526.80,26943.20,2927.70,9.202863,1214,2428,26.6063,1.327481,prepared_cpu,/home/nick/dev/Midas/trader/.run/replay-sweeps/gc-range10-hma-protection-20260808/prior/hma3300-tpsl,"{""native_hma_cross.take_profit_ticks"":60,""native_hma_cross.stop_loss_ticks"":0}"
2026-08-08,2026-07-27T00:00:00.173Z/2026-08-02T23:59:26.210Z,GC,GCZ6,range_10,standard,16459,HmaCross,incremental,3,300,tpsl_best_risk_ratio,60,20,false,0,0,31280.00,7526.80,23753.20,2526.90,9.400130,1214,2428,24.6293,1.291475,prepared_cpu,/home/nick/dev/Midas/trader/.run/replay-sweeps/gc-range10-hma-protection-20260808/prior/hma3300-tpsl,"{""native_hma_cross.take_profit_ticks"":60,""native_hma_cross.stop_loss_ticks"":20}"
2026-08-08,2026-08-03T00:00:01.452Z/2026-08-07T20:59:30.157Z,GC,GCZ6,range_10,standard,20822,HmaCross,incremental,3,300,tpsl_best_net,60,0,false,0,0,48750.00,9293.80,39456.20,4348.30,9.073941,1499,2998,27.7518,1.394741,prepared_cpu,/home/nick/dev/Midas/trader/.run/replay-sweeps/gc-range10-hma-protection-20260808/current/hma3300-tpsl,"{""native_hma_cross.take_profit_ticks"":60,""native_hma_cross.stop_loss_ticks"":0}"
2026-08-08,2026-07-27T00:00:00.173Z/2026-08-02T23:59:26.210Z,GC,GCZ6,range_10,standard,16459,HmaCross,incremental,3,300,trail_best_net_and_risk_ratio,60,0,true,10,5,45400.00,7526.80,37873.20,1696.30,22.326898,1214,2428,51.3180,1.696529,prepared_cpu,/home/nick/dev/Midas/trader/.run/replay-sweeps/gc-range10-hma-protection-20260808/prior/hma3300-trail,"{""native_hma_cross.take_profit_ticks"":60,""native_hma_cross.stop_loss_ticks"":0,""native_hma_cross.trail_trigger_ticks"":10,""native_hma_cross.trail_offset_ticks"":5}"
2026-08-08,2026-08-03T00:00:01.452Z/2026-08-07T20:59:30.157Z,GC,GCZ6,range_10,standard,20822,HmaCross,incremental,3,300,trail_best_net,60,0,true,40,5,44460.00,9293.80,35166.20,4804.10,7.320041,1499,2998,27.4183,1.349754,prepared_cpu,/home/nick/dev/Midas/trader/.run/replay-sweeps/gc-range10-hma-protection-20260808/current/hma3300-trail,"{""native_hma_cross.take_profit_ticks"":60,""native_hma_cross.stop_loss_ticks"":0,""native_hma_cross.trail_trigger_ticks"":40,""native_hma_cross.trail_offset_ticks"":5}"
2026-08-08,2026-08-03T00:00:01.452Z/2026-08-07T20:59:30.157Z,GC,GCZ6,range_10,standard,20822,HmaCross,incremental,3,300,trail_best_risk_ratio,60,0,true,20,5,44220.00,9293.80,34926.20,3538.30,9.870899,1499,2998,36.1574,1.396963,prepared_cpu,/home/nick/dev/Midas/trader/.run/replay-sweeps/gc-range10-hma-protection-20260808/current/hma3300-trail,"{""native_hma_cross.take_profit_ticks"":60,""native_hma_cross.stop_loss_ticks"":0,""native_hma_cross.trail_trigger_ticks"":20,""native_hma_cross.trail_offset_ticks"":5}"
2026-08-08,2026-07-05T22:00:00Z/2026-08-03T23:35:00Z,GC,GCZ6,minute_1,heikin_ashi,7896,HmaCross,incremental,205,240,baseline_headline,0,0,false,0,0,39460.00,393.70,39066.30,9427.90,4.143691,64,127,50.7937,1.850774,prepared_cpu,/home/nick/dev/Midas/trader/.run/replay-sweeps/gc-hma-1m-nyc-20260808/baseline-filtered,"{""session_filter"":""America/New_York 08:30-16:15 weekdays"",""selection"":""baseline_headline""}"
2026-08-08,2026-07-05T22:00:00Z/2026-08-03T23:35:00Z,GC,GCZ6,minute_1,heikin_ashi,7896,HmaCross,incremental,210,240,baseline_requested_210_240,0,0,false,0,0,36240.00,381.30,35858.70,9780.30,3.666421,62,123,54.0984,1.793164,prepared_cpu,/home/nick/dev/Midas/trader/.run/replay-sweeps/gc-hma-1m-nyc-20260808/baseline-filtered,"{""session_filter"":""America/New_York 08:30-16:15 weekdays"",""selection"":""requested_210_240""}"
2026-08-08,2026-07-05T22:00:00Z/2026-08-03T23:35:00Z,GC,GCZ6,minute_1,heikin_ashi,7896,HmaCross,incremental,215,230,baseline_headline,0,0,false,0,0,43580.00,406.10,43173.90,9137.90,4.724707,66,131,50.7692,1.968129,prepared_cpu,/home/nick/dev/Midas/trader/.run/replay-sweeps/gc-hma-1m-nyc-20260808/baseline-filtered,"{""session_filter"":""America/New_York 08:30-16:15 weekdays"",""selection"":""baseline_headline""}"
2026-08-08,2026-07-05T22:00:00Z/2026-08-03T23:35:00Z,GC,GCZ6,minute_1,heikin_ashi,7896,HmaCross,incremental,220,230,baseline_headline,0,0,false,0,0,40940.00,406.10,40533.90,9057.90,4.474978,66,131,50.7692,1.856867,prepared_cpu,/home/nick/dev/Midas/trader/.run/replay-sweeps/gc-hma-1m-nyc-20260808/baseline-filtered,"{""session_filter"":""America/New_York 08:30-16:15 weekdays"",""selection"":""baseline_headline""}"
2026-08-08,2026-07-05T22:00:00Z/2026-08-03T23:35:00Z,GC,GCZ6,minute_1,heikin_ashi,7896,HmaCross,incremental,205,240,tpsl_best_risk_ratio,0,60,false,0,0,23840.00,396.80,23443.20,3034.10,7.726575,64,128,40.6250,2.071660,prepared_cpu,/home/nick/dev/Midas/trader/.run/replay-sweeps/gc-hma-1m-nyc-20260808/tpsl/205_240,"{""session_filter"":""America/New_York 08:30-16:15 weekdays"",""native_hma_cross.take_profit_ticks"":0,""native_hma_cross.stop_loss_ticks"":60}"
2026-08-08,2026-07-05T22:00:00Z/2026-08-03T23:35:00Z,GC,GCZ6,minute_1,heikin_ashi,7896,HmaCross,incremental,210,240,tpsl_best_risk_ratio,0,20,false,0,0,9600.00,384.40,9215.60,2332.30,3.951293,62,124,14.5161,1.843255,prepared_cpu,/home/nick/dev/Midas/trader/.run/replay-sweeps/gc-hma-1m-nyc-20260808/tpsl/210_240,"{""session_filter"":""America/New_York 08:30-16:15 weekdays"",""native_hma_cross.take_profit_ticks"":0,""native_hma_cross.stop_loss_ticks"":20}"
2026-08-08,2026-07-05T22:00:00Z/2026-08-03T23:35:00Z,GC,GCZ6,minute_1,heikin_ashi,7896,HmaCross,incremental,215,230,tpsl_best_risk_ratio,0,80,false,0,0,24710.00,409.20,24300.80,3844.10,6.321584,66,132,40.9091,1.933863,prepared_cpu,/home/nick/dev/Midas/trader/.run/replay-sweeps/gc-hma-1m-nyc-20260808/tpsl/215_230,"{""session_filter"":""America/New_York 08:30-16:15 weekdays"",""native_hma_cross.take_profit_ticks"":0,""native_hma_cross.stop_loss_ticks"":80}"
2026-08-08,2026-07-05T22:00:00Z/2026-08-03T23:35:00Z,GC,GCZ6,minute_1,heikin_ashi,7896,HmaCross,incremental,220,230,tpsl_best_risk_ratio,0,80,false,0,0,22580.00,409.20,22170.80,4045.70,5.480090,66,132,40.9091,1.809396,prepared_cpu,/home/nick/dev/Midas/trader/.run/replay-sweeps/gc-hma-1m-nyc-20260808/tpsl/220_230,"{""session_filter"":""America/New_York 08:30-16:15 weekdays"",""native_hma_cross.take_profit_ticks"":0,""native_hma_cross.stop_loss_ticks"":80}"
2026-08-08,2026-07-05T22:00:00Z/2026-08-03T23:35:00Z,GC,GCZ6,minute_1,heikin_ashi,7896,HmaCross,incremental,205,240,trail_best_net,0,60,true,80,5,25870.00,396.80,25473.20,3392.70,7.508238,64,128,54.6875,2.531780,prepared_cpu,/home/nick/dev/Midas/trader/.run/replay-sweeps/gc-hma-1m-nyc-20260808/trail/205_240,"{""session_filter"":""America/New_York 08:30-16:15 weekdays"",""native_hma_cross.take_profit_ticks"":0,""native_hma_cross.stop_loss_ticks"":60,""native_hma_cross.trail_trigger_ticks"":80,""native_hma_cross.trail_offset_ticks"":5}"
2026-08-08,2026-07-05T22:00:00Z/2026-08-03T23:35:00Z,GC,GCZ6,minute_1,heikin_ashi,7896,HmaCross,incremental,205,240,trail_best_risk_ratio,0,60,true,20,5,21480.00,396.80,21083.20,1457.90,14.461349,64,128,78.1250,3.484234,prepared_cpu,/home/nick/dev/Midas/trader/.run/replay-sweeps/gc-hma-1m-nyc-20260808/trail/205_240,"{""session_filter"":""America/New_York 08:30-16:15 weekdays"",""native_hma_cross.take_profit_ticks"":0,""native_hma_cross.stop_loss_ticks"":60,""native_hma_cross.trail_trigger_ticks"":20,""native_hma_cross.trail_offset_ticks"":5}"
2026-08-08,2026-07-05T22:00:00Z/2026-08-03T23:35:00Z,GC,GCZ6,minute_1,heikin_ashi,7896,HmaCross,incremental,210,240,trail_best_net_and_risk_ratio,0,20,true,10,5,13140.00,384.40,12755.60,1022.70,12.472475,62,124,59.6774,3.474413,prepared_cpu,/home/nick/dev/Midas/trader/.run/replay-sweeps/gc-hma-1m-nyc-20260808/trail/210_240,"{""session_filter"":""America/New_York 08:30-16:15 weekdays"",""native_hma_cross.take_profit_ticks"":0,""native_hma_cross.stop_loss_ticks"":20,""native_hma_cross.trail_trigger_ticks"":10,""native_hma_cross.trail_offset_ticks"":5}"
2026-08-08,2026-07-05T22:00:00Z/2026-08-03T23:35:00Z,GC,GCZ6,minute_1,heikin_ashi,7896,HmaCross,incremental,215,230,trail_best_net,0,80,true,80,5,24160.00,409.20,23750.80,4652.70,5.104735,66,132,54.5455,2.170798,prepared_cpu,/home/nick/dev/Midas/trader/.run/replay-sweeps/gc-hma-1m-nyc-20260808/trail/215_230,"{""session_filter"":""America/New_York 08:30-16:15 weekdays"",""native_hma_cross.take_profit_ticks"":0,""native_hma_cross.stop_loss_ticks"":80,""native_hma_cross.trail_trigger_ticks"":80,""native_hma_cross.trail_offset_ticks"":5}"
2026-08-08,2026-07-05T22:00:00Z/2026-08-03T23:35:00Z,GC,GCZ6,minute_1,heikin_ashi,7896,HmaCross,incremental,215,230,trail_best_risk_ratio,0,80,true,40,5,20310.00,409.20,19900.80,3255.10,6.113730,66,132,68.1818,2.400459,prepared_cpu,/home/nick/dev/Midas/trader/.run/replay-sweeps/gc-hma-1m-nyc-20260808/trail/215_230,"{""session_filter"":""America/New_York 08:30-16:15 weekdays"",""native_hma_cross.take_profit_ticks"":0,""native_hma_cross.stop_loss_ticks"":80,""native_hma_cross.trail_trigger_ticks"":40,""native_hma_cross.trail_offset_ticks"":5}"
2026-08-08,2026-07-05T22:00:00Z/2026-08-03T23:35:00Z,GC,GCZ6,minute_1,heikin_ashi,7896,HmaCross,incremental,220,230,trail_best_net,0,80,true,40,5,20260.00,409.20,19850.80,4062.70,4.886110,66,132,65.1515,2.278832,prepared_cpu,/home/nick/dev/Midas/trader/.run/replay-sweeps/gc-hma-1m-nyc-20260808/trail/220_230,"{""session_filter"":""America/New_York 08:30-16:15 weekdays"",""native_hma_cross.take_profit_ticks"":0,""native_hma_cross.stop_loss_ticks"":80,""native_hma_cross.trail_trigger_ticks"":40,""native_hma_cross.trail_offset_ticks"":5}"
2026-08-08,2026-07-05T22:00:00Z/2026-08-03T23:35:00Z,GC,GCZ6,minute_1,heikin_ashi,7896,HmaCross,incremental,220,230,trail_best_risk_ratio,0,80,true,10,5,16590.00,409.20,16180.80,950.30,17.027044,66,132,87.8788,3.838936,prepared_cpu,/home/nick/dev/Midas/trader/.run/replay-sweeps/gc-hma-1m-nyc-20260808/trail/220_230,"{""session_filter"":""America/New_York 08:30-16:15 weekdays"",""native_hma_cross.take_profit_ticks"":0,""native_hma_cross.stop_loss_ticks"":80,""native_hma_cross.trail_trigger_ticks"":10,""native_hma_cross.trail_offset_ticks"":5}"
2026-08-08,2026-07-05T22:00:00Z/2026-08-03T23:35:00Z,GC,GCZ6,minute_1,standard,7896,HmaCross,incremental,205,240,ohlc_nyc_baseline,0,0,false,0,0,39960.00,393.70,39566.30,9957.90,3.973358,64,127,52.3810,1.860841,prepared_cpu,/home/nick/dev/Midas/trader/.run/replay-sweeps/gc-hma-1m-ohlc-compare-20260808/nyc-baseline/205_240,"{""session_filter"":""America/New_York 08:30-16:15 weekdays"",""selection"":""ohlc_nyc_baseline""}"
2026-08-08,2026-07-05T22:00:00Z/2026-08-03T23:35:00Z,GC,GCZ6,minute_1,standard,7896,HmaCross,incremental,210,240,ohlc_nyc_baseline,0,0,false,0,0,37280.00,381.30,36898.70,10040.30,3.675060,62,123,54.0984,1.817794,prepared_cpu,/home/nick/dev/Midas/trader/.run/replay-sweeps/gc-hma-1m-ohlc-compare-20260808/nyc-baseline/210_240,"{""session_filter"":""America/New_York 08:30-16:15 weekdays"",""selection"":""ohlc_nyc_baseline""}"
2026-08-08,2026-07-05T22:00:00Z/2026-08-03T23:35:00Z,GC,GCZ6,minute_1,standard,7896,HmaCross,incremental,215,230,ohlc_nyc_baseline,0,0,false,0,0,43250.00,406.10,42843.90,9947.90,4.306829,66,131,52.3077,1.957214,prepared_cpu,/home/nick/dev/Midas/trader/.run/replay-sweeps/gc-hma-1m-ohlc-compare-20260808/nyc-baseline/215_230,"{""session_filter"":""America/New_York 08:30-16:15 weekdays"",""selection"":""ohlc_nyc_baseline""}"
2026-08-08,2026-07-05T22:00:00Z/2026-08-03T23:35:00Z,GC,GCZ6,minute_1,standard,7896,HmaCross,incremental,220,230,ohlc_nyc_baseline,0,0,false,0,0,42050.00,406.10,41643.90,10010.30,4.160105,66,131,50.7692,1.903829,prepared_cpu,/home/nick/dev/Midas/trader/.run/replay-sweeps/gc-hma-1m-ohlc-compare-20260808/nyc-baseline/220_230,"{""session_filter"":""America/New_York 08:30-16:15 weekdays"",""selection"":""ohlc_nyc_baseline""}"
2026-08-08,2026-07-05T22:00:00Z/2026-08-03T23:35:00Z,GC,GCZ6,minute_1,standard,19190,HmaCross,incremental,205,240,ohlc_full_baseline,0,0,false,0,0,69440.00,992.00,68448.00,6130.30,11.165522,160,320,53.7500,1.979244,prepared_cpu,/home/nick/dev/Midas/trader/.run/replay-sweeps/gc-hma-1m-ohlc-compare-20260808/full-baseline/205_240,"{""session_filter"":""full_source"",""selection"":""ohlc_full_baseline""}"
2026-08-08,2026-07-05T22:00:00Z/2026-08-03T23:35:00Z,GC,GCZ6,minute_1,standard,19190,HmaCross,incremental,210,240,ohlc_full_baseline,0,0,false,0,0,73580.00,979.60,72600.40,7661.30,9.476251,158,316,53.7975,2.089890,prepared_cpu,/home/nick/dev/Midas/trader/.run/replay-sweeps/gc-hma-1m-ohlc-compare-20260808/full-baseline/210_240,"{""session_filter"":""full_source"",""selection"":""ohlc_full_baseline""}"
2026-08-08,2026-07-05T22:00:00Z/2026-08-03T23:35:00Z,GC,GCZ6,minute_1,standard,19190,HmaCross,incremental,215,230,ohlc_full_baseline,0,0,false,0,0,66700.00,1004.40,65695.60,7455.10,8.812169,162,324,56.1728,1.969817,prepared_cpu,/home/nick/dev/Midas/trader/.run/replay-sweeps/gc-hma-1m-ohlc-compare-20260808/full-baseline/215_230,"{""session_filter"":""full_source"",""selection"":""ohlc_full_baseline""}"
2026-08-08,2026-07-05T22:00:00Z/2026-08-03T23:35:00Z,GC,GCZ6,minute_1,standard,19190,HmaCross,incremental,220,230,ohlc_full_baseline,0,0,false,0,0,68440.00,1029.20,67410.80,8831.30,7.633168,166,332,54.8193,1.968059,prepared_cpu,/home/nick/dev/Midas/trader/.run/replay-sweeps/gc-hma-1m-ohlc-compare-20260808/full-baseline/220_230,"{""session_filter"":""full_source"",""selection"":""ohlc_full_baseline""}"
2026-08-08,2026-07-05T22:00:00Z/2026-08-03T23:35:00Z,GC,GCZ6,minute_1,standard,7896,HmaCross,incremental,205,240,ohlc_nyc_trail_best_net,0,60,true,80,5,22410.00,396.80,22013.20,3082.70,7.140883,64,128,51.5625,2.246345,prepared_cpu,/home/nick/dev/Midas/trader/.run/replay-sweeps/gc-hma-1m-ohlc-compare-20260808/nyc-trail/205_240,"{""session_filter"":""America/New_York 08:30-16:15 weekdays"",""native_hma_cross.take_profit_ticks"":0,""native_hma_cross.stop_loss_ticks"":60,""native_hma_cross.trail_trigger_ticks"":80,""native_hma_cross.trail_offset_ticks"":5}"
2026-08-08,2026-07-05T22:00:00Z/2026-08-03T23:35:00Z,GC,GCZ6,minute_1,standard,7896,HmaCross,incremental,205,240,ohlc_nyc_trail_best_risk_ratio,0,60,true,20,5,17620.00,396.80,17223.20,1215.50,14.169642,64,128,78.1250,3.073386,prepared_cpu,/home/nick/dev/Midas/trader/.run/replay-sweeps/gc-hma-1m-ohlc-compare-20260808/nyc-trail/205_240,"{""session_filter"":""America/New_York 08:30-16:15 weekdays"",""native_hma_cross.take_profit_ticks"":0,""native_hma_cross.stop_loss_ticks"":60,""native_hma_cross.trail_trigger_ticks"":20,""native_hma_cross.trail_offset_ticks"":5}"
2026-08-08,2026-07-05T22:00:00Z/2026-08-03T23:35:00Z,GC,GCZ6,minute_1,standard,7896,HmaCross,incremental,210,240,ohlc_nyc_trail_best_net_and_risk_ratio,0,20,true,10,5,13670.00,384.40,13285.60,1186.50,11.197303,62,124,61.2903,3.684610,prepared_cpu,/home/nick/dev/Midas/trader/.run/replay-sweeps/gc-hma-1m-ohlc-compare-20260808/nyc-trail/210_240,"{""session_filter"":""America/New_York 08:30-16:15 weekdays"",""native_hma_cross.take_profit_ticks"":0,""native_hma_cross.stop_loss_ticks"":20,""native_hma_cross.trail_trigger_ticks"":10,""native_hma_cross.trail_offset_ticks"":5}"
2026-08-08,2026-07-05T22:00:00Z/2026-08-03T23:35:00Z,GC,GCZ6,minute_1,standard,7896,HmaCross,incremental,215,230,ohlc_nyc_trail_best_net,0,80,true,80,5,23790.00,409.20,23380.80,4652.70,5.025211,66,132,54.5455,2.166357,prepared_cpu,/home/nick/dev/Midas/trader/.run/replay-sweeps/gc-hma-1m-ohlc-compare-20260808/nyc-trail/215_230,"{""session_filter"":""America/New_York 08:30-16:15 weekdays"",""native_hma_cross.take_profit_ticks"":0,""native_hma_cross.stop_loss_ticks"":80,""native_hma_cross.trail_trigger_ticks"":80,""native_hma_cross.trail_offset_ticks"":5}"
2026-08-08,2026-07-05T22:00:00Z/2026-08-03T23:35:00Z,GC,GCZ6,minute_1,standard,7896,HmaCross,incremental,215,230,ohlc_nyc_trail_best_risk_ratio,0,80,true,20,5,16340.00,409.20,15930.80,2412.70,6.602893,66,132,80.3030,2.620531,prepared_cpu,/home/nick/dev/Midas/trader/.run/replay-sweeps/gc-hma-1m-ohlc-compare-20260808/nyc-trail/215_230,"{""session_filter"":""America/New_York 08:30-16:15 weekdays"",""native_hma_cross.take_profit_ticks"":0,""native_hma_cross.stop_loss_ticks"":80,""native_hma_cross.trail_trigger_ticks"":20,""native_hma_cross.trail_offset_ticks"":5}"
2026-08-08,2026-07-05T22:00:00Z/2026-08-03T23:35:00Z,GC,GCZ6,minute_1,standard,7896,HmaCross,incremental,220,230,ohlc_nyc_trail_best_net,0,80,true,60,5,20760.00,409.20,20350.80,4962.70,4.100752,66,132,56.0606,2.086546,prepared_cpu,/home/nick/dev/Midas/trader/.run/replay-sweeps/gc-hma-1m-ohlc-compare-20260808/nyc-trail/220_230,"{""session_filter"":""America/New_York 08:30-16:15 weekdays"",""native_hma_cross.take_profit_ticks"":0,""native_hma_cross.stop_loss_ticks"":80,""native_hma_cross.trail_trigger_ticks"":60,""native_hma_cross.trail_offset_ticks"":5}"
2026-08-08,2026-07-05T22:00:00Z/2026-08-03T23:35:00Z,GC,GCZ6,minute_1,standard,7896,HmaCross,incremental,220,230,ohlc_nyc_trail_best_risk_ratio,0,80,true,10,5,14750.00,409.20,14340.80,1622.70,8.837616,66,132,84.8485,2.961269,prepared_cpu,/home/nick/dev/Midas/trader/.run/replay-sweeps/gc-hma-1m-ohlc-compare-20260808/nyc-trail/220_230,"{""session_filter"":""America/New_York 08:30-16:15 weekdays"",""native_hma_cross.take_profit_ticks"":0,""native_hma_cross.stop_loss_ticks"":80,""native_hma_cross.trail_trigger_ticks"":10,""native_hma_cross.trail_offset_ticks"":5}"
2026-08-08,2026-07-05T22:00:00Z/2026-08-03T23:35:00Z,GC,GCZ6,minute_1,standard,19190,HmaCross,incremental,205,240,ohlc_full_tpsl_best_net,0,80,false,0,0,50280.00,992.00,49288.00,8124.30,6.066738,160,320,46.2500,1.840186,prepared_cpu,/home/nick/dev/Midas/trader/.run/replay-sweeps/gc-hma-1m-ohlc-compare-20260808/full-tpsl/205_240,"{""session_filter"":""full_source"",""selection"":""ohlc_full_tpsl_best_net"",""native_hma_cross.take_profit_ticks"":0,""native_hma_cross.stop_loss_ticks"":80}"
2026-08-08,2026-07-05T22:00:00Z/2026-08-03T23:35:00Z,GC,GCZ6,minute_1,standard,19190,HmaCross,incremental,205,240,ohlc_full_tpsl_best_risk_ratio,0,20,false,0,0,27450.00,992.00,26458.00,3728.10,7.096913,160,320,20.0000,2.002440,prepared_cpu,/home/nick/dev/Midas/trader/.run/replay-sweeps/gc-hma-1m-ohlc-compare-20260808/full-tpsl/205_240,"{""session_filter"":""full_source"",""selection"":""ohlc_full_tpsl_best_risk_ratio"",""native_hma_cross.take_profit_ticks"":0,""native_hma_cross.stop_loss_ticks"":20}"
2026-08-08,2026-07-05T22:00:00Z/2026-08-03T23:35:00Z,GC,GCZ6,minute_1,standard,19190,HmaCross,incremental,210,240,ohlc_full_tpsl_best_net,0,80,false,0,0,45610.00,979.60,44630.40,8732.90,5.110605,158,316,45.5696,1.754361,prepared_cpu,/home/nick/dev/Midas/trader/.run/replay-sweeps/gc-hma-1m-ohlc-compare-20260808/full-tpsl/210_240,"{""session_filter"":""full_source"",""selection"":""ohlc_full_tpsl_best_net"",""native_hma_cross.take_profit_ticks"":0,""native_hma_cross.stop_loss_ticks"":80}"
2026-08-08,2026-07-05T22:00:00Z/2026-08-03T23:35:00Z,GC,GCZ6,minute_1,standard,19190,HmaCross,incremental,210,240,ohlc_full_tpsl_best_risk_ratio,0,20,false,0,0,26670.00,979.60,25690.40,3978.10,6.457957,158,316,18.3544,1.979809,prepared_cpu,/home/nick/dev/Midas/trader/.run/replay-sweeps/gc-hma-1m-ohlc-compare-20260808/full-tpsl/210_240,"{""session_filter"":""full_source"",""selection"":""ohlc_full_tpsl_best_risk_ratio"",""native_hma_cross.take_profit_ticks"":0,""native_hma_cross.stop_loss_ticks"":20}"
2026-08-08,2026-07-05T22:00:00Z/2026-08-03T23:35:00Z,GC,GCZ6,minute_1,standard,19190,HmaCross,incremental,215,230,ohlc_full_tpsl_best_net,0,60,false,0,0,33770.00,1004.40,32765.60,7905.30,4.144764,162,324,37.6543,1.586606,prepared_cpu,/home/nick/dev/Midas/trader/.run/replay-sweeps/gc-hma-1m-ohlc-compare-20260808/full-tpsl/215_230,"{""session_filter"":""full_source"",""selection"":""ohlc_full_tpsl_best_net"",""native_hma_cross.take_profit_ticks"":0,""native_hma_cross.stop_loss_ticks"":60}"
2026-08-08,2026-07-05T22:00:00Z/2026-08-03T23:35:00Z,GC,GCZ6,minute_1,standard,19190,HmaCross,incremental,215,230,ohlc_full_tpsl_best_risk_ratio,0,20,false,0,0,25930.00,1004.40,24925.60,5364.30,4.646571,162,324,19.7531,1.940021,prepared_cpu,/home/nick/dev/Midas/trader/.run/replay-sweeps/gc-hma-1m-ohlc-compare-20260808/full-tpsl/215_230,"{""session_filter"":""full_source"",""selection"":""ohlc_full_tpsl_best_risk_ratio"",""native_hma_cross.take_profit_ticks"":0,""native_hma_cross.stop_loss_ticks"":20}"
2026-08-08,2026-07-05T22:00:00Z/2026-08-03T23:35:00Z,GC,GCZ6,minute_1,standard,19190,HmaCross,incremental,220,230,ohlc_full_tpsl_best_net,0,100,false,0,0,49570.00,1029.20,48540.80,7749.10,6.264056,166,332,52.4096,1.773438,prepared_cpu,/home/nick/dev/Midas/trader/.run/replay-sweeps/gc-hma-1m-ohlc-compare-20260808/full-tpsl/220_230,"{""session_filter"":""full_source"",""selection"":""ohlc_full_tpsl_best_net"",""native_hma_cross.take_profit_ticks"":0,""native_hma_cross.stop_loss_ticks"":100}"
2026-08-08,2026-07-05T22:00:00Z/2026-08-03T23:35:00Z,GC,GCZ6,minute_1,standard,19190,HmaCross,incremental,220,230,ohlc_full_tpsl_best_risk_ratio,0,20,false,0,0,32320.00,1029.20,31290.80,4475.70,6.991264,166,332,21.0843,2.158395,prepared_cpu,/home/nick/dev/Midas/trader/.run/replay-sweeps/gc-hma-1m-ohlc-compare-20260808/full-tpsl/220_230,"{""session_filter"":""full_source"",""selection"":""ohlc_full_tpsl_best_risk_ratio"",""native_hma_cross.take_profit_ticks"":0,""native_hma_cross.stop_loss_ticks"":20}"
2026-08-08,2026-07-05T22:00:00Z/2026-08-03T23:35:00Z,GC,GCZ6,minute_1,standard,19190,HmaCross,incremental,205,240,ohlc_full_trail_best_net,0,60,true,80,5,21170.00,992.00,20178.00,6212.90,3.247759,160,320,48.1250,1.432405,prepared_cpu,/home/nick/dev/Midas/trader/.run/replay-sweeps/gc-hma-1m-ohlc-compare-20260808/full-trail/205_240,"{""session_filter"":""full_source"",""selection"":""ohlc_full_trail_best_net"",""native_hma_cross.take_profit_ticks"":0,""native_hma_cross.stop_loss_ticks"":60,""native_hma_cross.trail_trigger_ticks"":80,""native_hma_cross.trail_offset_ticks"":5}"
2026-08-08,2026-07-05T22:00:00Z/2026-08-03T23:35:00Z,GC,GCZ6,minute_1,standard,19190,HmaCross,incremental,205,240,ohlc_full_trail_best_risk_ratio,0,60,true,10,5,13170.00,992.00,12178.00,2090.30,5.825958,160,320,81.2500,1.717789,prepared_cpu,/home/nick/dev/Midas/trader/.run/replay-sweeps/gc-hma-1m-ohlc-compare-20260808/full-trail/205_240,"{""session_filter"":""full_source"",""selection"":""ohlc_full_trail_best_risk_ratio"",""native_hma_cross.take_profit_ticks"":0,""native_hma_cross.stop_loss_ticks"":60,""native_hma_cross.trail_trigger_ticks"":10,""native_hma_cross.trail_offset_ticks"":5}"
2026-08-08,2026-07-05T22:00:00Z/2026-08-03T23:35:00Z,GC,GCZ6,minute_1,standard,19190,HmaCross,incremental,210,240,ohlc_full_trail_best_net,0,20,true,80,5,17290.00,979.60,16310.40,2822.50,5.778707,158,316,27.2152,1.695747,prepared_cpu,/home/nick/dev/Midas/trader/.run/replay-sweeps/gc-hma-1m-ohlc-compare-20260808/full-trail/210_240,"{""session_filter"":""full_source"",""selection"":""ohlc_full_trail_best_net"",""native_hma_cross.take_profit_ticks"":0,""native_hma_cross.stop_loss_ticks"":20,""native_hma_cross.trail_trigger_ticks"":80,""native_hma_cross.trail_offset_ticks"":5}"
2026-08-08,2026-07-05T22:00:00Z/2026-08-03T23:35:00Z,GC,GCZ6,minute_1,standard,19190,HmaCross,incremental,210,240,ohlc_full_trail_best_risk_ratio,0,20,true,10,5,12960.00,979.60,11980.40,1240.30,9.659276,158,316,60.1266,1.930112,prepared_cpu,/home/nick/dev/Midas/trader/.run/replay-sweeps/gc-hma-1m-ohlc-compare-20260808/full-trail/210_240,"{""session_filter"":""full_source"",""selection"":""ohlc_full_trail_best_risk_ratio"",""native_hma_cross.take_profit_ticks"":0,""native_hma_cross.stop_loss_ticks"":20,""native_hma_cross.trail_trigger_ticks"":10,""native_hma_cross.trail_offset_ticks"":5}"
2026-08-08,2026-07-05T22:00:00Z/2026-08-03T23:35:00Z,GC,GCZ6,minute_1,standard,19190,HmaCross,incremental,215,230,ohlc_full_trail_best_net,0,80,true,80,5,22010.00,1004.40,21005.60,6143.90,3.418936,162,324,52.4691,1.401273,prepared_cpu,/home/nick/dev/Midas/trader/.run/replay-sweeps/gc-hma-1m-ohlc-compare-20260808/full-trail/215_230,"{""session_filter"":""full_source"",""selection"":""ohlc_full_trail_best_net"",""native_hma_cross.take_profit_ticks"":0,""native_hma_cross.stop_loss_ticks"":80,""native_hma_cross.trail_trigger_ticks"":80,""native_hma_cross.trail_offset_ticks"":5}"
2026-08-08,2026-07-05T22:00:00Z/2026-08-03T23:35:00Z,GC,GCZ6,minute_1,standard,19190,HmaCross,incremental,215,230,ohlc_full_trail_best_risk_ratio,0,80,true,20,5,20420.00,1004.40,19415.60,3105.10,6.252810,162,324,79.6296,1.848784,prepared_cpu,/home/nick/dev/Midas/trader/.run/replay-sweeps/gc-hma-1m-ohlc-compare-20260808/full-trail/215_230,"{""session_filter"":""full_source"",""selection"":""ohlc_full_trail_best_risk_ratio"",""native_hma_cross.take_profit_ticks"":0,""native_hma_cross.stop_loss_ticks"":80,""native_hma_cross.trail_trigger_ticks"":20,""native_hma_cross.trail_offset_ticks"":5}"
2026-08-08,2026-07-05T22:00:00Z/2026-08-03T23:35:00Z,GC,GCZ6,minute_1,standard,19190,HmaCross,incremental,220,230,ohlc_full_trail_best_net,0,80,true,80,5,30470.00,1029.20,29440.80,7017.70,4.195221,166,332,55.4217,1.577058,prepared_cpu,/home/nick/dev/Midas/trader/.run/replay-sweeps/gc-hma-1m-ohlc-compare-20260808/full-trail/220_230,"{""session_filter"":""full_source"",""selection"":""ohlc_full_trail_best_net"",""native_hma_cross.take_profit_ticks"":0,""native_hma_cross.stop_loss_ticks"":80,""native_hma_cross.trail_trigger_ticks"":80,""native_hma_cross.trail_offset_ticks"":5}"
2026-08-08,2026-07-05T22:00:00Z/2026-08-03T23:35:00Z,GC,GCZ6,minute_1,standard,19190,HmaCross,incremental,220,230,ohlc_full_trail_best_risk_ratio,0,80,true,20,30,15840.00,1029.20,14810.80,3166.50,4.677341,166,332,61.4458,1.538050,prepared_cpu,/home/nick/dev/Midas/trader/.run/replay-sweeps/gc-hma-1m-ohlc-compare-20260808/full-trail/220_230,"{""session_filter"":""full_source"",""selection"":""ohlc_full_trail_best_risk_ratio"",""native_hma_cross.take_profit_ticks"":0,""native_hma_cross.stop_loss_ticks"":80,""native_hma_cross.trail_trigger_ticks"":20,""native_hma_cross.trail_offset_ticks"":30}"
2026-08-08,2026-08-03T00:00:00Z/2026-08-07T20:59:30.157Z,GC,GCZ6,minute_1,standard,2325,HmaCross,incremental,210,240,current_week_nyc_baseline,0,0,false,0,0,3490.00,108.50,3381.50,17731.30,0.190708,18,35,47.0588,1.162598,prepared_cpu,/home/nick/dev/Midas/trader/.run/replay-sweeps/gc-hma-1m-current-week-20260808/nyc-210_240,"{""session_filter"":""America/New_York 08:30-16:15 weekdays"",""selection"":""current_week_nyc_baseline""}"
2026-08-08,2026-08-03T00:00:00Z/2026-08-07T20:59:30.157Z,GC,GCZ6,minute_1,standard,6766,HmaCross,incremental,210,240,current_week_full_baseline,0,0,false,0,0,-18230.00,409.20,-18639.20,21401.90,-0.870913,66,132,39.3939,0.616067,prepared_cpu,/home/nick/dev/Midas/trader/.run/replay-sweeps/gc-hma-1m-current-week-20260808/full-210_240,"{""session_filter"":""full_source"",""selection"":""current_week_full_baseline""}"
2026-08-08,2026-08-03T00:00:00Z/2026-08-07T20:59:30.157Z,GC,GCZ6,minute_1,standard,2325,HmaCross,incremental,210,240,current_week_nyc_inverted,0,0,false,0,0,-3490.00,108.50,-3598.50,21574.10,-0.166797,18,35,52.9412,0.852039,prepared_cpu,/home/nick/dev/Midas/trader/.run/replay-sweeps/gc-hma-1m-current-week-20260808/nyc-210_240-inverted,"{""session_filter"":""America/New_York 08:30-16:15 weekdays"",""selection"":""current_week_nyc_inverted"",""native_hma_cross.inverted"":true}"
2026-08-08,2026-08-03T00:00:00Z/2026-08-07T20:59:30.157Z,GC,GCZ6,minute_1,standard,6766,HmaCross,incremental,210,240,current_week_full_inverted,0,0,false,0,0,18230.00,409.20,17820.80,8702.30,2.047826,66,132,60.6061,1.589484,prepared_cpu,/home/nick/dev/Midas/trader/.run/replay-sweeps/gc-hma-1m-current-week-20260808/full-210_240-inverted,"{""session_filter"":""full_source"",""selection"":""current_week_full_inverted"",""native_hma_cross.inverted"":true}"
2026-08-08,2026-08-03T00:00:00Z/2026-08-07T20:59:30.157Z,GC,GCZ6,minute_1,heikin_ashi,2325,HmaCross,incremental,210,240,current_week_ha_nyc_baseline,0,0,false,0,0,5230.00,108.50,5121.50,16031.30,0.319469,18,35,47.0588,1.263804,prepared_cpu,/home/nick/dev/Midas/trader/.run/replay-sweeps/gc-hma-1m-current-week-20260808/nyc-ha-210_240,"{""session_filter"":""America/New_York 08:30-16:15 weekdays"",""selection"":""current_week_ha_nyc_baseline"",""native_hma_cross.inverted"":false}"
2026-08-08,2026-08-03T00:00:00Z/2026-08-07T20:59:30.157Z,GC,GCZ6,minute_1,heikin_ashi,2325,HmaCross,incremental,210,240,current_week_ha_nyc_inverted,0,0,false,0,0,-5230.00,108.50,-5338.50,21634.10,-0.246763,18,35,52.9412,0.783550,prepared_cpu,/home/nick/dev/Midas/trader/.run/replay-sweeps/gc-hma-1m-current-week-20260808/nyc-ha-210_240-inverted,"{""session_filter"":""America/New_York 08:30-16:15 weekdays"",""selection"":""current_week_ha_nyc_inverted"",""native_hma_cross.inverted"":true}"
2026-08-08,2026-08-03T00:00:00Z/2026-08-07T20:59:30.157Z,GC,GCZ6,minute_1,heikin_ashi,6766,HmaCross,incremental,210,240,current_week_ha_full_baseline,0,0,false,0,0,-18680.00,421.60,-19101.60,22041.90,-0.866604,68,136,38.2353,0.612625,prepared_cpu,/home/nick/dev/Midas/trader/.run/replay-sweeps/gc-hma-1m-current-week-20260808/full-ha-210_240,"{""session_filter"":""full_source"",""selection"":""current_week_ha_full_baseline"",""native_hma_cross.inverted"":false}"
2026-08-08,2026-08-03T00:00:00Z/2026-08-07T20:59:30.157Z,GC,GCZ6,minute_1,heikin_ashi,6766,HmaCross,incremental,210,240,current_week_ha_full_inverted,0,0,false,0,0,18680.00,421.60,18258.40,8662.30,2.107800,68,136,61.7647,1.598024,prepared_cpu,/home/nick/dev/Midas/trader/.run/replay-sweeps/gc-hma-1m-current-week-20260808/full-ha-210_240-inverted,"{""session_filter"":""full_source"",""selection"":""current_week_ha_full_inverted"",""native_hma_cross.inverted"":true}"
2026-08-08,2026-08-03T00:03:31Z/2026-08-07T20:59:00Z,GC,GCZ6,volume_500,heikin_ashi,1405,Adx,reference,,,current_week_adx_normal,0,0,false,0,0,-5130.00,186.00,-5316.00,13236.50,-0.401617,30,35,40.0000,0.816193,batch_cpu_reference,/home/nick/dev/Midas/trader/.run/replay-sweeps/this-week-20260807/gc-adx-v500-l7-robust,"{""selection"":""current_week_adx_normal"",""native_adx.adx_length"":7,""native_adx.adx_entry_threshold"":20,""native_adx.adx_exit_threshold"":10,""native_adx.di_imbalance_threshold"":0.05,""native_adx.slope_lookback"":1,""native_adx.breakout_lookback"":20,""native_adx.inverted"":false}"
2026-08-08,2026-08-03T00:03:31Z/2026-08-07T20:59:00Z,GC,GCZ6,volume_500,heikin_ashi,1405,Adx,reference,,,current_week_adx_inverted,0,0,false,0,0,5130.00,186.00,4944.00,10939.20,0.451953,30,35,60.0000,1.208130,batch_cpu_reference,/home/nick/dev/Midas/trader/.run/replay-sweeps/this-week-20260807/gc-adx-v500-l7-robust-inverted,"{""selection"":""current_week_adx_inverted"",""native_adx.adx_length"":7,""native_adx.adx_entry_threshold"":20,""native_adx.adx_exit_threshold"":10,""native_adx.di_imbalance_threshold"":0.05,""native_adx.slope_lookback"":1,""native_adx.breakout_lookback"":20,""native_adx.inverted"":true}"
2026-08-08,2026-08-03T00:00:01.452Z/2026-08-07T20:59:30.157Z,GC,GCZ6,range_10,standard,20822,HmaCross,incremental,210,240,long_grid_210_240_current,0,0,false,0,0,350.00,1271.00,-921.00,12526.50,-0.073524,205,410,43.9024,0.986913,prepared_cpu,/home/nick/dev/Midas/trader/.run/replay-sweeps/gc-range10-long-hma-20260808/current/runs/gc-range10-long-hma-current-20260808-000019/result.json,"{""sweep_id"":""gc-range10-long-hma-current-20260808"",""native_hma_cross.fast_length"":210,""native_hma_cross.slow_length"":240,""cache_root"":"".run/replay-cache""}"
2026-08-08,2026-08-03T00:00:01.452Z/2026-08-07T20:59:30.157Z,GC,GCZ6,range_10,standard,20822,HmaCross,incremental,230,360,long_grid_230_360_current,0,0,false,0,0,7220.00,886.60,6333.40,13291.70,0.476493,143,286,41.9580,1.106776,prepared_cpu,/home/nick/dev/Midas/trader/.run/replay-sweeps/gc-range10-long-hma-20260808/current/runs/gc-range10-long-hma-current-20260808-000036/result.json,"{""sweep_id"":""gc-range10-long-hma-current-20260808"",""native_hma_cross.fast_length"":230,""native_hma_cross.slow_length"":360,""cache_root"":"".run/replay-cache""}"
2026-08-08,2026-07-27T00:00:00.173Z/2026-08-02T23:59:26.210Z,GC,GCZ6,range_10,standard,16459,HmaCross,incremental,210,240,long_grid_210_240_prior,0,0,false,0,0,2060.00,995.10,1064.90,8941.70,0.119094,161,321,39.3750,1.019389,prepared_cpu,/home/nick/dev/Midas/trader/.run/replay-sweeps/gc-range10-long-hma-20260808/prior/runs/gc-range10-long-hma-prior-20260808-000019/result.json,"{""sweep_id"":""gc-range10-long-hma-prior-20260808"",""native_hma_cross.fast_length"":210,""native_hma_cross.slow_length"":240,""cache_root"":"".run/replay-cache""}"
2026-08-08,2026-07-27T00:00:00.173Z/2026-08-02T23:59:26.210Z,GC,GCZ6,range_10,standard,16459,HmaCross,incremental,230,360,long_grid_230_360_prior,0,0,false,0,0,9240.00,703.70,8536.30,9389.70,0.909113,114,227,49.5575,1.189582,prepared_cpu,/home/nick/dev/Midas/trader/.run/replay-sweeps/gc-range10-long-hma-20260808/prior/runs/gc-range10-long-hma-prior-20260808-000036/result.json,"{""sweep_id"":""gc-range10-long-hma-prior-20260808"",""native_hma_cross.fast_length"":230,""native_hma_cross.slow_length"":360,""cache_root"":"".run/replay-cache""}"
2026-08-08,2026-08-03T00:00:01.452Z/2026-08-07T20:59:30.157Z,GC,GCZ6,range_10,standard,20822,VolumeAdaptiveHmaCross,incremental,210,240,volume_gate_lb20_cutoff55,0,0,false,0,0,12410.00,694.40,11715.60,8255.00,1.419213,112,117,45.5357,1.247487,batch_cpu_reference,/home/nick/dev/Midas/trader/.run/replay-sweeps/gc-volume-adaptive-hma-lookback-20260808/current/runs/gc-volume-adaptive-hma-lookback-current-20260808-000008/result.json,"{""sweep_id"":""gc-volume-adaptive-hma-lookback-current-20260808"",""native_volume_hma_cross.fast_length"":210,""native_volume_hma_cross.slow_length"":240,""native_volume_hma_cross.volume_regime.lookback_bars"":20,""native_volume_hma_cross.volume_regime.invert_below_relative_volume"":0.55,""cache_root"":"".run/replay-cache""}"
2026-08-08,2026-07-05T22:00:00Z/2026-08-03T23:35:00Z,GC,GCZ6,minute_1,standard,19190,HmaCross,incremental,210,240,month_1m_full_baseline,0,0,false,0,0,73580.00,979.60,72600.40,7661.30,9.476251,158,316,53.7975,2.089890,prepared_cpu,/home/nick/dev/Midas/trader/.run/replay-sweeps/gc-volume-adaptive-hma-month-20260808/baseline/runs/gcz6_volume_gate_month_baseline_20260808-000001/result.json,"{""session_filter"":""full_source"",""selection"":""month_1m_full_baseline""}"
2026-08-08,2026-07-05T22:00:00Z/2026-08-03T23:35:00Z,GC,GCZ6,minute_1,standard,19190,VolumeAdaptiveHmaCross,incremental,210,240,month_1m_full_volume_gate_lb20_cutoff55,0,0,false,0,0,12720.00,502.20,12217.80,13099.90,0.932664,81,102,55.5556,1.209700,batch_cpu_reference,/home/nick/dev/Midas/trader/.run/replay-sweeps/gc-volume-adaptive-hma-month-20260808/adaptive/runs/gcz6_volume_gate_month_adaptive_20260808-000001/result.json,"{""session_filter"":""full_source"",""selection"":""month_1m_full_volume_gate_lb20_cutoff55"",""native_volume_hma_cross.volume_regime.lookback_bars"":20,""native_volume_hma_cross.volume_regime.invert_below_relative_volume"":0.55}"
2026-08-08,2026-07-05T22:00:00Z/2026-08-03T23:35:00Z,GC,GCZ6,minute_1,standard,19190,VolumeAdaptiveHmaCross,incremental,210,240,month_expanded_best_net_lb5_cutoff25,0,0,false,0,0,72740.00,855.60,71884.40,6738.90,10.667071,138,159,55.0725,2.164037,batch_cpu_reference,/home/nick/dev/Midas/trader/.run/replay-sweeps/gc-volume-adaptive-hma-month-expanded-20260808/runs/gc-volume-adaptive-hma-month-expanded-20260808-000001/result.json,"{""session_filter"":""full_source"",""selection"":""month_expanded_best_net_lb5_cutoff25"",""native_volume_hma_cross.volume_regime.lookback_bars"":5,""native_volume_hma_cross.volume_regime.invert_below_relative_volume"":0.25}"
2026-08-08,2026-07-05T22:00:00Z/2026-08-03T23:35:00Z,GC,GCZ6,minute_1,standard,19190,VolumeAdaptiveHmaCross,incremental,210,240,month_expanded_best_risk_ratio_lb30_cutoff35,0,0,false,0,0,69770.00,713.00,69057.00,6367.20,10.846033,115,136,59.1304,2.424402,batch_cpu_reference,/home/nick/dev/Midas/trader/.run/replay-sweeps/gc-volume-adaptive-hma-month-expanded-20260808/runs/gc-volume-adaptive-hma-month-expanded-20260808-000036/result.json,"{""session_filter"":""full_source"",""selection"":""month_expanded_best_risk_ratio_lb30_cutoff35"",""native_volume_hma_cross.volume_regime.lookback_bars"":30,""native_volume_hma_cross.volume_regime.invert_below_relative_volume"":0.35}"
2026-08-08,2026-07-27T00:00:00.173Z/2026-08-02T23:59:26.210Z,GC,GCZ6,minute_1,standard,6584,HmaCross,incremental,210,240,weekly_baseline_prior,0,0,false,0,0,12900.00,353.40,12546.60,6370.30,1.969546,57,114,45.6140,1.514159,prepared_cpu,/home/nick/dev/Midas/trader/.run/replay-sweeps/gc-volume-adaptive-hma-weeks-20260808/prior-baseline/runs/gcz6_volume_gate_prior_week_baseline_20260808-000001/result.json,"{""session_filter"":""full_source"",""selection"":""weekly_baseline_prior""}"
2026-08-08,2026-08-03T00:00:00Z/2026-08-07T20:59:30.157Z,GC,GCZ6,minute_1,standard,6766,HmaCross,incremental,210,240,weekly_baseline_current,0,0,false,0,0,-18230.00,409.20,-18639.20,21401.90,-0.870913,66,132,39.3939,0.616067,prepared_cpu,/home/nick/dev/Midas/trader/.run/replay-sweeps/gc-volume-adaptive-hma-weeks-20260808/current-baseline/runs/gcz6_volume_gate_current_week_baseline_20260808-000001/result.json,"{""session_filter"":""full_source"",""selection"":""weekly_baseline_current""}"
2026-08-08,2026-07-27T00:00:00.173Z/2026-08-02T23:59:26.210Z,GC,GCZ6,minute_1,standard,6584,VolumeAdaptiveHmaCross,incremental,210,240,weekly_volume_gate_prior_lb30_cutoff35,0,0,false,0,0,15440.00,266.60,15173.40,6367.20,2.383057,43,48,51.1628,1.815765,batch_cpu_reference,/home/nick/dev/Midas/trader/.run/replay-sweeps/gc-volume-adaptive-hma-weeks-20260808/prior-adaptive/runs/gcz6_volume_gate_prior_week_candidates_20260808-000004/result.json,"{""session_filter"":""full_source"",""selection"":""weekly_volume_gate_prior_lb30_cutoff35"",""native_volume_hma_cross.volume_regime.lookback_bars"":30,""native_volume_hma_cross.volume_regime.invert_below_relative_volume"":0.35}"
2026-08-08,2026-08-03T00:00:00Z/2026-08-07T20:59:30.157Z,GC,GCZ6,minute_1,standard,6766,VolumeAdaptiveHmaCross,incremental,210,240,weekly_volume_gate_current_lb5_cutoff35,0,0,false,0,0,-13790.00,372.00,-14162.00,21398.80,-0.661813,60,65,40.0000,0.686495,batch_cpu_reference,/home/nick/dev/Midas/trader/.run/replay-sweeps/gc-volume-adaptive-hma-weeks-20260808/current-adaptive/runs/gcz6_volume_gate_current_week_candidates_20260808-000002/result.json,"{""session_filter"":""full_source"",""selection"":""weekly_volume_gate_current_lb5_cutoff35"",""native_volume_hma_cross.volume_regime.lookback_bars"":5,""native_volume_hma_cross.volume_regime.invert_below_relative_volume"":0.35}"
2026-08-08,2026-07-05T22:00:00Z/2026-08-03T23:35:00Z,GC,GCZ6,minute_1,standard,19190,VolumeAdaptiveHmaCross,incremental,210,240,ema_gate_960_isolated_month,0,0,false,0,0,42560.00,799.80,41760.20,10685.40,3.908155,129,149,53.4884,1.634056,batch_cpu_reference,/home/nick/dev/Midas/trader/.run/replay-sweeps/gc-ema-gated-hma-20260808/month/runs/gcz6_ema_gate_month_hma_20260808-000003/result.json,"{""session_filter"":""full_source"",""selection"":""ema_gate_960_isolated_month"",""native_volume_hma_cross.ema_gate.enabled"":true,""native_volume_hma_cross.ema_gate.ema_length"":960,""native_volume_hma_cross.ema_gate.invert_when_above"":true,""native_volume_hma_cross.volume_regime.invert_below_relative_volume"":0.0}"
2026-08-08,2026-07-27T00:00:00.173Z/2026-08-02T23:59:26.210Z,GC,GCZ6,minute_1,standard,6584,VolumeAdaptiveHmaCross,incremental,210,240,ema_gate_960_isolated_prior,0,0,false,0,0,18910.00,263.50,18646.50,3562.40,5.234252,43,48,57.1429,2.287813,batch_cpu_reference,/home/nick/dev/Midas/trader/.run/replay-sweeps/gc-ema-gated-hma-20260808/prior/runs/gcz6_ema_gate_prior_week_hma_20260808-000003/result.json,"{""session_filter"":""full_source"",""selection"":""ema_gate_960_isolated_prior"",""native_volume_hma_cross.ema_gate.enabled"":true,""native_volume_hma_cross.ema_gate.ema_length"":960,""native_volume_hma_cross.ema_gate.invert_when_above"":true,""native_volume_hma_cross.volume_regime.invert_below_relative_volume"":0.0}"
2026-08-08,2026-08-03T00:00:00Z/2026-08-07T20:59:30.157Z,GC,GCZ6,minute_1,standard,6766,VolumeAdaptiveHmaCross,incremental,210,240,ema_gate_960_isolated_current,0,0,false,0,0,18030.00,303.80,17726.20,8309.60,2.133219,49,54,65.3061,1.902767,batch_cpu_reference,/home/nick/dev/Midas/trader/.run/replay-sweeps/gc-ema-gated-hma-20260808/current/runs/gcz6_ema_gate_current_week_hma_20260808-000003/result.json,"{""session_filter"":""full_source"",""selection"":""ema_gate_960_isolated_current"",""native_volume_hma_cross.ema_gate.enabled"":true,""native_volume_hma_cross.ema_gate.ema_length"":960,""native_volume_hma_cross.ema_gate.invert_when_above"":true,""native_volume_hma_cross.volume_regime.invert_below_relative_volume"":0.0}"
2026-08-08,2026-07-05T22:00:00Z/2026-08-03T23:35:00Z,GC,GCZ6,minute_1,standard,19190,VolumeAdaptiveHmaCross,incremental,210,240,combined_volume30_cutoff35_ema960_month,0,0,false,0,0,34130.00,644.80,33485.20,16631.80,2.013324,104,124,53.8462,1.518205,batch_cpu_reference,/home/nick/dev/Midas/trader/.run/replay-sweeps/gc-ema-gated-hma-20260808/combined/month/runs/gcz6_combined_gate_month_hma_20260808-000001/result.json,"{""session_filter"":""full_source"",""selection"":""combined_volume30_cutoff35_ema960_month"",""native_volume_hma_cross.volume_regime.lookback_bars"":30,""native_volume_hma_cross.volume_regime.invert_below_relative_volume"":0.35,""native_volume_hma_cross.ema_gate.enabled"":true,""native_volume_hma_cross.ema_gate.ema_length"":960,""native_volume_hma_cross.ema_gate.invert_when_above"":true}"
2026-08-08,2026-07-27T00:00:00.173Z/2026-08-02T23:59:26.210Z,GC,GCZ6,minute_1,standard,6584,VolumeAdaptiveHmaCross,incremental,210,240,combined_volume30_cutoff35_ema960_prior,0,0,false,0,0,20230.00,213.90,20016.10,3562.40,5.618712,35,40,64.7059,2.758477,batch_cpu_reference,/home/nick/dev/Midas/trader/.run/replay-sweeps/gc-ema-gated-hma-20260808/combined/prior/runs/gcz6_combined_gate_prior_week_hma_20260808-000001/result.json,"{""session_filter"":""full_source"",""selection"":""combined_volume30_cutoff35_ema960_prior"",""native_volume_hma_cross.volume_regime.lookback_bars"":30,""native_volume_hma_cross.volume_regime.invert_below_relative_volume"":0.35,""native_volume_hma_cross.ema_gate.enabled"":true,""native_volume_hma_cross.ema_gate.ema_length"":960,""native_volume_hma_cross.ema_gate.invert_when_above"":true}"
2026-08-08,2026-08-03T00:00:00Z/2026-08-07T20:59:30.157Z,GC,GCZ6,minute_1,standard,6766,VolumeAdaptiveHmaCross,incremental,210,240,combined_volume30_cutoff35_ema960_current,0,0,false,0,0,9570.00,248.00,9322.00,7917.90,1.177332,40,45,62.5000,1.427948,batch_cpu_reference,/home/nick/dev/Midas/trader/.run/replay-sweeps/gc-ema-gated-hma-20260808/combined/current/runs/gcz6_combined_gate_current_week_hma_20260808-000001/result.json,"{""session_filter"":""full_source"",""selection"":""combined_volume30_cutoff35_ema960_current"",""native_volume_hma_cross.volume_regime.lookback_bars"":30,""native_volume_hma_cross.volume_regime.invert_below_relative_volume"":0.35,""native_volume_hma_cross.ema_gate.enabled"":true,""native_volume_hma_cross.ema_gate.ema_length"":960,""native_volume_hma_cross.ema_gate.invert_when_above"":true}"
2026-08-08,2026-07-05T22:00:00Z/2026-08-03T23:35:00Z,GC,GCZ6,minute_1,standard,19190,VolumeAdaptiveHmaCross,incremental,210,240,ema_gate_960_protected_month_sl20_trail10_5,0,20,true,10,5,10340.00,799.80,9540.20,1240.30,7.691849,129,258,61.2403,1.935314,batch_cpu_reference,/home/nick/dev/Midas/trader/.run/replay-sweeps/gc-ema-gated-hma-protected-20260808/month/runs/gcz6_ema_gate_960_hma210_240_protected_month_20260808-000001/result.json,"{""session_filter"":""full_source"",""selection"":""ema_gate_960_protected_month_sl20_trail10_5"",""native_volume_hma_cross.ema_gate.enabled"":true,""native_volume_hma_cross.ema_gate.ema_length"":960,""native_volume_hma_cross.ema_gate.invert_when_above"":true,""native_volume_hma_cross.volume_regime.invert_below_relative_volume"":0.0,""native_volume_hma_cross.take_profit_ticks"":0,""native_volume_hma_cross.stop_loss_ticks"":20,""native_volume_hma_cross.use_trailing_stop"":true,""native_volume_hma_cross.trail_trigger_ticks"":10,""native_volume_hma_cross.trail_offset_ticks"":5}"
2026-08-08,2026-07-27T00:00:00.173Z/2026-08-02T23:59:26.210Z,GC,GCZ6,minute_1,standard,6584,VolumeAdaptiveHmaCross,incremental,210,240,ema_gate_960_protected_prior_sl20_trail10_5,0,20,true,10,5,3470.00,266.60,3203.40,710.30,4.509925,43,86,69.7674,2.195031,batch_cpu_reference,/home/nick/dev/Midas/trader/.run/replay-sweeps/gc-ema-gated-hma-protected-20260808/prior/runs/gcz6_ema_gate_960_hma210_240_protected_prior_20260808-000001/result.json,"{""session_filter"":""full_source"",""selection"":""ema_gate_960_protected_prior_sl20_trail10_5"",""native_volume_hma_cross.ema_gate.enabled"":true,""native_volume_hma_cross.ema_gate.ema_length"":960,""native_volume_hma_cross.ema_gate.invert_when_above"":true,""native_volume_hma_cross.volume_regime.invert_below_relative_volume"":0.0,""native_volume_hma_cross.take_profit_ticks"":0,""native_volume_hma_cross.stop_loss_ticks"":20,""native_volume_hma_cross.use_trailing_stop"":true,""native_volume_hma_cross.trail_trigger_ticks"":10,""native_volume_hma_cross.trail_offset_ticks"":5}"
2026-08-08,2026-08-03T00:00:00Z/2026-08-07T20:59:30.157Z,GC,GCZ6,minute_1,standard,6766,VolumeAdaptiveHmaCross,incremental,210,240,ema_gate_960_protected_current_sl20_trail10_5,0,20,true,10,5,-370.00,303.80,-673.80,2133.70,-0.315789,49,98,53.0612,0.857926,batch_cpu_reference,/home/nick/dev/Midas/trader/.run/replay-sweeps/gc-ema-gated-hma-protected-20260808/current/runs/gcz6_ema_gate_960_hma210_240_protected_current_20260808-000001/result.json,"{""session_filter"":""full_source"",""selection"":""ema_gate_960_protected_current_sl20_trail10_5"",""native_volume_hma_cross.ema_gate.enabled"":true,""native_volume_hma_cross.ema_gate.ema_length"":960,""native_volume_hma_cross.ema_gate.invert_when_above"":true,""native_volume_hma_cross.volume_regime.invert_below_relative_volume"":0.0,""native_volume_hma_cross.take_profit_ticks"":0,""native_volume_hma_cross.stop_loss_ticks"":20,""native_volume_hma_cross.use_trailing_stop"":true,""native_volume_hma_cross.trail_trigger_ticks"":10,""native_volume_hma_cross.trail_offset_ticks"":5}"
2026-08-09,2026-07-05T22:00:00Z/2026-08-03T23:35:00Z,GC,GCZ6,minute_1,standard,19190,VolumeAdaptiveHmaCross,incremental,210,240,ema_gate_960_tpsl_robust_tp0_sl100_month,0,100,false,0,0,43210.00,799.80,42410.20,7677.10,5.524247,129,258,46.5116,1.761434,batch_cpu_reference,/home/nick/dev/Midas/trader/.run/replay-sweeps/gc-ema-gated-hma-protection-sweep-20260808/tpsl/month/runs/gcz6_ema_gate_960_hma210_240_tpsl_month_20260808-000006/result.json,"{""session_filter"":""full_source"",""selection"":""ema_gate_960_tpsl_robust_tp0_sl100_month"",""native_volume_hma_cross.ema_gate.enabled"":true,""native_volume_hma_cross.ema_gate.ema_length"":960,""native_volume_hma_cross.ema_gate.invert_when_above"":true,""native_volume_hma_cross.volume_regime.invert_below_relative_volume"":0.0,""native_volume_hma_cross.take_profit_ticks"":0,""native_volume_hma_cross.stop_loss_ticks"":100}"
2026-08-09,2026-07-27T00:00:00.173Z/2026-08-02T23:59:26.210Z,GC,GCZ6,minute_1,standard,6584,VolumeAdaptiveHmaCross,incremental,210,240,ema_gate_960_tpsl_robust_tp0_sl100_prior,0,100,false,0,0,13340.00,263.50,13076.50,3816.50,3.426307,43,85,47.6190,1.850075,batch_cpu_reference,/home/nick/dev/Midas/trader/.run/replay-sweeps/gc-ema-gated-hma-protection-sweep-20260808/tpsl/prior/runs/gcz6_ema_gate_960_hma210_240_tpsl_prior_20260808-000006/result.json,"{""session_filter"":""full_source"",""selection"":""ema_gate_960_tpsl_robust_tp0_sl100_prior"",""native_volume_hma_cross.ema_gate.enabled"":true,""native_volume_hma_cross.ema_gate.ema_length"":960,""native_volume_hma_cross.ema_gate.invert_when_above"":true,""native_volume_hma_cross.volume_regime.invert_below_relative_volume"":0.0,""native_volume_hma_cross.take_profit_ticks"":0,""native_volume_hma_cross.stop_loss_ticks"":100}"
2026-08-09,2026-08-03T00:00:00Z/2026-08-07T20:59:30.157Z,GC,GCZ6,minute_1,standard,6766,VolumeAdaptiveHmaCross,incremental,210,240,ema_gate_960_tpsl_robust_tp0_sl100_current,0,100,false,0,0,9670.00,303.80,9366.20,4952.70,1.891130,49,98,57.1429,1.464128,batch_cpu_reference,/home/nick/dev/Midas/trader/.run/replay-sweeps/gc-ema-gated-hma-protection-sweep-20260808/tpsl/current/runs/gcz6_ema_gate_960_hma210_240_tpsl_current_20260808-000006/result.json,"{""session_filter"":""full_source"",""selection"":""ema_gate_960_tpsl_robust_tp0_sl100_current"",""native_volume_hma_cross.ema_gate.enabled"":true,""native_volume_hma_cross.ema_gate.ema_length"":960,""native_volume_hma_cross.ema_gate.invert_when_above"":true,""native_volume_hma_cross.volume_regime.invert_below_relative_volume"":0.0,""native_volume_hma_cross.take_profit_ticks"":0,""native_volume_hma_cross.stop_loss_ticks"":100}"
2026-08-09,2026-07-05T22:00:00Z/2026-08-03T23:35:00Z,GC,GCZ6,minute_1,standard,19190,VolumeAdaptiveHmaCross,incremental,210,240,ema_gate_960_trail_robust_tp0_sl100_trigger80_offset5_month,0,100,true,80,5,29920.00,799.80,29120.20,3566.50,8.164924,129,258,59.6899,1.690504,batch_cpu_reference,/home/nick/dev/Midas/trader/.run/replay-sweeps/gc-ema-gated-hma-protection-sweep-20260808/trail/month/runs/gcz6_ema_gate_960_hma210_240_trail_tp0_sl100_month_20260808-000031/result.json,"{""session_filter"":""full_source"",""selection"":""ema_gate_960_trail_robust_tp0_sl100_trigger80_offset5_month"",""native_volume_hma_cross.ema_gate.enabled"":true,""native_volume_hma_cross.ema_gate.ema_length"":960,""native_volume_hma_cross.ema_gate.invert_when_above"":true,""native_volume_hma_cross.volume_regime.invert_below_relative_volume"":0.0,""native_volume_hma_cross.take_profit_ticks"":0,""native_volume_hma_cross.stop_loss_ticks"":100,""native_volume_hma_cross.use_trailing_stop"":true,""native_volume_hma_cross.trail_trigger_ticks"":80,""native_volume_hma_cross.trail_offset_ticks"":5}"
2026-08-09,2026-07-27T00:00:00.173Z/2026-08-02T23:59:26.210Z,GC,GCZ6,minute_1,standard,6584,VolumeAdaptiveHmaCross,incremental,210,240,ema_gate_960_trail_robust_tp0_sl100_trigger80_offset5_prior,0,100,true,80,5,5800.00,263.50,5536.50,3566.50,1.552362,43,85,59.5238,1.428251,batch_cpu_reference,/home/nick/dev/Midas/trader/.run/replay-sweeps/gc-ema-gated-hma-protection-sweep-20260808/trail/prior/runs/gcz6_ema_gate_960_hma210_240_trail_tp0_sl100_prior_20260808-000031/result.json,"{""session_filter"":""full_source"",""selection"":""ema_gate_960_trail_robust_tp0_sl100_trigger80_offset5_prior"",""native_volume_hma_cross.ema_gate.enabled"":true,""native_volume_hma_cross.ema_gate.ema_length"":960,""native_volume_hma_cross.ema_gate.invert_when_above"":true,""native_volume_hma_cross.volume_regime.invert_below_relative_volume"":0.0,""native_volume_hma_cross.take_profit_ticks"":0,""native_volume_hma_cross.stop_loss_ticks"":100,""native_volume_hma_cross.use_trailing_stop"":true,""native_volume_hma_cross.trail_trigger_ticks"":80,""native_volume_hma_cross.trail_offset_ticks"":5}"
2026-08-09,2026-08-03T00:00:00Z/2026-08-07T20:59:30.157Z,GC,GCZ6,minute_1,standard,6766,VolumeAdaptiveHmaCross,incremental,210,240,ema_gate_960_trail_robust_tp0_sl100_trigger80_offset5_current,0,100,true,80,5,3270.00,303.80,2966.20,4523.70,0.655702,49,98,61.2245,1.163267,batch_cpu_reference,/home/nick/dev/Midas/trader/.run/replay-sweeps/gc-ema-gated-hma-protection-sweep-20260808/trail/current/runs/gcz6_ema_gate_960_hma210_240_trail_tp0_sl100_current_20260808-000031/result.json,"{""session_filter"":""full_source"",""selection"":""ema_gate_960_trail_robust_tp0_sl100_trigger80_offset5_current"",""native_volume_hma_cross.ema_gate.enabled"":true,""native_volume_hma_cross.ema_gate.ema_length"":960,""native_volume_hma_cross.ema_gate.invert_when_above"":true,""native_volume_hma_cross.volume_regime.invert_below_relative_volume"":0.0,""native_volume_hma_cross.take_profit_ticks"":0,""native_volume_hma_cross.stop_loss_ticks"":100,""native_volume_hma_cross.use_trailing_stop"":true,""native_volume_hma_cross.trail_trigger_ticks"":80,""native_volume_hma_cross.trail_offset_ticks"":5}"
2026-08-09,2026-07-05T22:00:00Z/2026-08-03T23:35:00Z,GC,GCZ6,minute_1,standard,19190,VolumeAdaptiveHmaCross,incremental,10,30,hma_10-30_tp0_month,0,0,false,0,0,-41320.00,12520.90,-53840.90,56127.60,-0.959259,2020,2041,37.8405,0.863830,prepared_cpu_reference,.run/replay-sweeps/gc-fast-hma-tp0-10-20260809/10-30/runs/gcz6_hma_10_30_tp0_10_month_20260809-000001/result.json,"{""session_filter"":""full_source"",""selection"":""hma_10-30_tp0_month"",""native_volume_hma_cross.ema_gate.enabled"":false,""native_volume_hma_cross.volume_regime.invert_below_relative_volume"":0.0,""native_volume_hma_cross.take_profit_ticks"":0,""native_volume_hma_cross.stop_loss_ticks"":0,""native_volume_hma_cross.use_trailing_stop"":false}"
2026-08-09,2026-07-05T22:00:00Z/2026-08-03T23:35:00Z,GC,GCZ6,minute_1,standard,19190,VolumeAdaptiveHmaCross,incremental,10,30,hma_10-30_tp10_month,10,0,false,0,0,-70530.00,12520.90,-83050.90,84368.30,-0.984385,2020,4039,69.8366,0.613490,prepared_cpu_reference,.run/replay-sweeps/gc-fast-hma-tp0-10-20260809/10-30/runs/gcz6_hma_10_30_tp0_10_month_20260809-000011/result.json,"{""session_filter"":""full_source"",""selection"":""hma_10-30_tp10_month"",""native_volume_hma_cross.ema_gate.enabled"":false,""native_volume_hma_cross.volume_regime.invert_below_relative_volume"":0.0,""native_volume_hma_cross.take_profit_ticks"":10,""native_volume_hma_cross.stop_loss_ticks"":0,""native_volume_hma_cross.use_trailing_stop"":false}"
2026-08-09,2026-07-05T22:00:00Z/2026-08-03T23:35:00Z,GC,GCZ6,minute_1,standard,19190,VolumeAdaptiveHmaCross,incremental,210,240,hma_210-240_tp0_month,0,0,false,0,0,73580.00,979.60,72600.40,7658.20,9.480087,158,179,53.7975,2.089890,prepared_cpu_reference,.run/replay-sweeps/gc-fast-hma-tp0-10-20260809/210-240/runs/gcz6_hma_210_240_tp0_10_month_20260809-000001/result.json,"{""session_filter"":""full_source"",""selection"":""hma_210-240_tp0_month"",""native_volume_hma_cross.ema_gate.enabled"":false,""native_volume_hma_cross.volume_regime.invert_below_relative_volume"":0.0,""native_volume_hma_cross.take_profit_ticks"":0,""native_volume_hma_cross.stop_loss_ticks"":0,""native_volume_hma_cross.use_trailing_stop"":false}"
2026-08-09,2026-07-05T22:00:00Z/2026-08-03T23:35:00Z,GC,GCZ6,minute_1,standard,19190,VolumeAdaptiveHmaCross,incremental,210,240,hma_210-240_tp3_month,3,0,false,0,0,1160.00,979.60,180.40,1931.30,0.093409,158,316,96.8354,1.052124,prepared_cpu_reference,.run/replay-sweeps/gc-fast-hma-tp0-10-20260809/210-240/runs/gcz6_hma_210_240_tp0_10_month_20260809-000004/result.json,"{""session_filter"":""full_source"",""selection"":""hma_210-240_tp3_month"",""native_volume_hma_cross.ema_gate.enabled"":false,""native_volume_hma_cross.volume_regime.invert_below_relative_volume"":0.0,""native_volume_hma_cross.take_profit_ticks"":3,""native_volume_hma_cross.stop_loss_ticks"":0,""native_volume_hma_cross.use_trailing_stop"":false}"
2026-08-09,2026-07-05T22:00:00Z/2026-08-03T23:35:00Z,GC,GCZ6,minute_1,standard,19190,VolumeAdaptiveHmaCross,incremental,210,240,hma_210-240_tp9_month,9,0,false,0,0,1110.00,979.60,130.40,4521.50,0.028840,158,316,91.7722,1.010848,prepared_cpu_reference,.run/replay-sweeps/gc-fast-hma-tp0-10-20260809/210-240/runs/gcz6_hma_210_240_tp0_10_month_20260809-000010/result.json,"{""session_filter"":""full_source"",""selection"":""hma_210-240_tp9_month"",""native_volume_hma_cross.ema_gate.enabled"":false,""native_volume_hma_cross.volume_regime.invert_below_relative_volume"":0.0,""native_volume_hma_cross.take_profit_ticks"":9,""native_volume_hma_cross.stop_loss_ticks"":0,""native_volume_hma_cross.use_trailing_stop"":false}"
2026-08-09,2026-07-05T22:00:00Z/2026-08-03T23:35:00Z,GC,GCZ6,minute_1,standard,19190,VolumeAdaptiveHmaCross,incremental,210,240,hma_210-240_tp10_month,10,0,false,0,0,1470.00,979.60,490.40,4891.50,0.100256,158,316,91.1392,1.037674,prepared_cpu_reference,.run/replay-sweeps/gc-fast-hma-tp0-10-20260809/210-240/runs/gcz6_hma_210_240_tp0_10_month_20260809-000011/result.json,"{""session_filter"":""full_source"",""selection"":""hma_210-240_tp10_month"",""native_volume_hma_cross.ema_gate.enabled"":false,""native_volume_hma_cross.volume_regime.invert_below_relative_volume"":0.0,""native_volume_hma_cross.take_profit_ticks"":10,""native_volume_hma_cross.stop_loss_ticks"":0,""native_volume_hma_cross.use_trailing_stop"":false}"
2026-08-09,2026-07-05T22:00:00Z/2026-08-03T23:35:00Z,GC,GCZ6,minute_1,standard,19190,VolumeAdaptiveHmaCross,incremental,10,30,fast_hma_10_30_baseline_month,0,0,false,0,0,-41320.00,12520.90,-53840.90,56127.60,-0.959259,2020,2041,37.8405,0.863830,prepared_cpu_reference,.run/replay-sweeps/gc-fast-hma-gates-20260809/10-30-gates-month/runs/gcz6_fast_hma_10_30_gate_month_20260809-000001/result.json,"{""session_filter"":""full_source"",""selection"":""fast_hma_10_30_baseline_month"",""native_volume_hma_cross.ema_gate.enabled"":false,""native_volume_hma_cross.ema_gate.ema_length"":960,""native_volume_hma_cross.volume_regime.lookback_bars"":30,""native_volume_hma_cross.volume_regime.invert_below_relative_volume"":0.0}"
2026-08-09,2026-07-05T22:00:00Z/2026-08-03T23:35:00Z,GC,GCZ6,minute_1,standard,19190,VolumeAdaptiveHmaCross,incremental,10,30,fast_hma_10_30_ema960_month,0,0,false,0,0,-11450.00,11231.30,-22681.30,36066.60,-0.628873,1812,1832,45.6654,0.932865,prepared_cpu_reference,.run/replay-sweeps/gc-fast-hma-gates-20260809/10-30-gates-month/runs/gcz6_fast_hma_10_30_gate_month_20260809-000002/result.json,"{""session_filter"":""full_source"",""selection"":""fast_hma_10_30_ema960_month"",""native_volume_hma_cross.ema_gate.enabled"":true,""native_volume_hma_cross.ema_gate.ema_length"":960,""native_volume_hma_cross.volume_regime.lookback_bars"":30,""native_volume_hma_cross.volume_regime.invert_below_relative_volume"":0.0}"
2026-08-09,2026-07-05T22:00:00Z/2026-08-03T23:35:00Z,GC,GCZ6,minute_1,standard,19190,VolumeAdaptiveHmaCross,incremental,10,30,fast_hma_10_30_volume_lb30_cutoff35_month,0,0,false,0,0,-3970.00,8931.10,-12901.10,22135.00,-0.582837,1441,1462,41.3889,0.958030,prepared_cpu_reference,.run/replay-sweeps/gc-fast-hma-gates-20260809/10-30-gates-month/runs/gcz6_fast_hma_10_30_gate_month_20260809-000003/result.json,"{""session_filter"":""full_source"",""selection"":""fast_hma_10_30_volume_lb30_cutoff35_month"",""native_volume_hma_cross.ema_gate.enabled"":false,""native_volume_hma_cross.ema_gate.ema_length"":960,""native_volume_hma_cross.volume_regime.lookback_bars"":30,""native_volume_hma_cross.volume_regime.invert_below_relative_volume"":0.35}"
2026-08-09,2026-07-05T22:00:00Z/2026-08-03T23:35:00Z,GC,GCZ6,minute_1,standard,19190,VolumeAdaptiveHmaCross,incremental,10,30,fast_hma_10_30_combined_lb30_cutoff35_ema960_month,0,0,false,0,0,-3420.00,8125.10,-11545.10,25972.40,-0.444514,1311,1331,46.7176,0.958584,prepared_cpu_reference,.run/replay-sweeps/gc-fast-hma-gates-20260809/10-30-gates-month/runs/gcz6_fast_hma_10_30_gate_month_20260809-000004/result.json,"{""session_filter"":""full_source"",""selection"":""fast_hma_10_30_combined_lb30_cutoff35_ema960_month"",""native_volume_hma_cross.ema_gate.enabled"":true,""native_volume_hma_cross.ema_gate.ema_length"":960,""native_volume_hma_cross.volume_regime.lookback_bars"":30,""native_volume_hma_cross.volume_regime.invert_below_relative_volume"":0.35}"
2026-08-09,2026-07-27T00:00:00.173Z/2026-08-02T23:59:26.210Z,GC,GCZ6,minute_1,standard,6584,VolumeAdaptiveHmaCross,incremental,10,30,fast_hma_10_30_baseline_prior,0,0,false,0,0,-12940.00,4064.10,-17004.10,24585.40,-0.691634,656,661,37.7099,0.839764,prepared_cpu_reference,.run/replay-sweeps/gc-fast-hma-gates-20260809/10-30-gates-prior/runs/gcz6_fast_hma_10_30_gate_prior_20260809-000001/result.json,"{""session_filter"":""full_source"",""selection"":""fast_hma_10_30_baseline_prior"",""native_volume_hma_cross.ema_gate.enabled"":false,""native_volume_hma_cross.ema_gate.ema_length"":960,""native_volume_hma_cross.volume_regime.lookback_bars"":30,""native_volume_hma_cross.volume_regime.invert_below_relative_volume"":0.0}"
2026-08-09,2026-07-27T00:00:00.173Z/2026-08-02T23:59:26.210Z,GC,GCZ6,minute_1,standard,6584,VolumeAdaptiveHmaCross,incremental,10,30,fast_hma_10_30_ema960_prior,0,0,false,0,0,3790.00,3413.10,376.90,9955.50,0.037858,551,556,45.0909,1.004510,prepared_cpu_reference,.run/replay-sweeps/gc-fast-hma-gates-20260809/10-30-gates-prior/runs/gcz6_fast_hma_10_30_gate_prior_20260809-000002/result.json,"{""session_filter"":""full_source"",""selection"":""fast_hma_10_30_ema960_prior"",""native_volume_hma_cross.ema_gate.enabled"":true,""native_volume_hma_cross.ema_gate.ema_length"":960,""native_volume_hma_cross.volume_regime.lookback_bars"":30,""native_volume_hma_cross.volume_regime.invert_below_relative_volume"":0.0}"
2026-08-09,2026-07-27T00:00:00.173Z/2026-08-02T23:59:26.210Z,GC,GCZ6,minute_1,standard,6584,VolumeAdaptiveHmaCross,incremental,10,30,fast_hma_10_30_volume_lb30_cutoff35_prior,0,0,false,0,0,-6330.00,2929.50,-9259.50,13583.00,-0.681698,473,478,40.4661,0.892082,prepared_cpu_reference,.run/replay-sweeps/gc-fast-hma-gates-20260809/10-30-gates-prior/runs/gcz6_fast_hma_10_30_gate_prior_20260809-000003/result.json,"{""session_filter"":""full_source"",""selection"":""fast_hma_10_30_volume_lb30_cutoff35_prior"",""native_volume_hma_cross.ema_gate.enabled"":false,""native_volume_hma_cross.ema_gate.ema_length"":960,""native_volume_hma_cross.volume_regime.lookback_bars"":30,""native_volume_hma_cross.volume_regime.invert_below_relative_volume"":0.35}"
2026-08-09,2026-07-27T00:00:00.173Z/2026-08-02T23:59:26.210Z,GC,GCZ6,minute_1,standard,6584,VolumeAdaptiveHmaCross,incremental,10,30,fast_hma_10_30_combined_lb30_cutoff35_ema960_prior,0,0,false,0,0,-4160.00,2507.90,-6667.90,9335.20,-0.714275,405,410,45.2970,0.910672,prepared_cpu_reference,.run/replay-sweeps/gc-fast-hma-gates-20260809/10-30-gates-prior/runs/gcz6_fast_hma_10_30_gate_prior_20260809-000004/result.json,"{""session_filter"":""full_source"",""selection"":""fast_hma_10_30_combined_lb30_cutoff35_ema960_prior"",""native_volume_hma_cross.ema_gate.enabled"":true,""native_volume_hma_cross.ema_gate.ema_length"":960,""native_volume_hma_cross.volume_regime.lookback_bars"":30,""native_volume_hma_cross.volume_regime.invert_below_relative_volume"":0.35}"
2026-08-09,2026-08-03T00:00:00Z/2026-08-07T20:59:30.157Z,GC,GCZ6,minute_1,standard,6766,VolumeAdaptiveHmaCross,incremental,10,30,fast_hma_10_30_baseline_current,0,0,false,0,0,16960.00,4135.40,12824.60,13574.00,0.944792,667,672,39.7301,1.119141,prepared_cpu_reference,.run/replay-sweeps/gc-fast-hma-gates-20260809/10-30-gates-current/runs/gcz6_fast_hma_10_30_gate_current_20260809-000001/result.json,"{""session_filter"":""full_source"",""selection"":""fast_hma_10_30_baseline_current"",""native_volume_hma_cross.ema_gate.enabled"":false,""native_volume_hma_cross.ema_gate.ema_length"":960,""native_volume_hma_cross.volume_regime.lookback_bars"":30,""native_volume_hma_cross.volume_regime.invert_below_relative_volume"":0.0}"
2026-08-09,2026-08-03T00:00:00Z/2026-08-07T20:59:30.157Z,GC,GCZ6,minute_1,standard,6766,VolumeAdaptiveHmaCross,incremental,10,30,fast_hma_10_30_ema960_current,0,0,false,0,0,-17660.00,3304.60,-20964.60,22412.80,-0.935385,533,538,53.8462,0.807408,prepared_cpu_reference,.run/replay-sweeps/gc-fast-hma-gates-20260809/10-30-gates-current/runs/gcz6_fast_hma_10_30_gate_current_20260809-000002/result.json,"{""session_filter"":""full_source"",""selection"":""fast_hma_10_30_ema960_current"",""native_volume_hma_cross.ema_gate.enabled"":true,""native_volume_hma_cross.ema_gate.ema_length"":960,""native_volume_hma_cross.volume_regime.lookback_bars"":30,""native_volume_hma_cross.volume_regime.invert_below_relative_volume"":0.0}"
2026-08-09,2026-08-03T00:00:00Z/2026-08-07T20:59:30.157Z,GC,GCZ6,minute_1,standard,6766,VolumeAdaptiveHmaCross,incremental,10,30,fast_hma_10_30_volume_lb30_cutoff35_current,0,0,false,0,0,15150.00,3217.80,11932.20,13172.40,0.905849,519,524,42.0039,1.125317,prepared_cpu_reference,.run/replay-sweeps/gc-fast-hma-gates-20260809/10-30-gates-current/runs/gcz6_fast_hma_10_30_gate_current_20260809-000003/result.json,"{""session_filter"":""full_source"",""selection"":""fast_hma_10_30_volume_lb30_cutoff35_current"",""native_volume_hma_cross.ema_gate.enabled"":false,""native_volume_hma_cross.ema_gate.ema_length"":960,""native_volume_hma_cross.volume_regime.lookback_bars"":30,""native_volume_hma_cross.volume_regime.invert_below_relative_volume"":0.35}"
2026-08-09,2026-08-03T00:00:00Z/2026-08-07T20:59:30.157Z,GC,GCZ6,minute_1,standard,6766,VolumeAdaptiveHmaCross,incremental,10,30,fast_hma_10_30_combined_lb30_cutoff35_ema960_current,0,0,false,0,0,-17530.00,2566.80,-20096.80,20667.50,-0.972387,414,419,55.0725,0.794644,prepared_cpu_reference,.run/replay-sweeps/gc-fast-hma-gates-20260809/10-30-gates-current/runs/gcz6_fast_hma_10_30_gate_current_20260809-000004/result.json,"{""session_filter"":""full_source"",""selection"":""fast_hma_10_30_combined_lb30_cutoff35_ema960_current"",""native_volume_hma_cross.ema_gate.enabled"":true,""native_volume_hma_cross.ema_gate.ema_length"":960,""native_volume_hma_cross.volume_regime.lookback_bars"":30,""native_volume_hma_cross.volume_regime.invert_below_relative_volume"":0.35}"
2026-08-09,2026-07-27T22:00:00.371Z/2026-08-02T23:59:59Z,GC,GCZ6,volume_500,heikin_ashi,903,VolumeAdaptiveEmaCross,streaming,21,100,volume_ema_v500_baseline_prior,60,0,false,0,0,-2100.00,43.40,-2143.40,5115.50,-0.419001,7,14,71.4286,0.580745,batch_cpu_reference,.run/replay-sweeps/this-week-20260807/gc-ema-v500-gated-prior/runs/gc-week-ema-v500-gated-prior-20260809-000001/result.json,"{""session_filter"":""full_source"",""selection"":""volume_ema_v500_baseline_prior"",""native_volume_ema_cross.volume_regime.lookback_bars"":30,""native_volume_ema_cross.volume_regime.invert_below_relative_volume"":0.0,""native_volume_ema_cross.ema_gate.enabled"":false,""native_volume_ema_cross.ema_gate.ema_length"":960}"
2026-08-09,2026-07-27T22:00:00.371Z/2026-08-02T23:59:59Z,GC,GCZ6,volume_500,heikin_ashi,903,VolumeAdaptiveEmaCross,streaming,21,100,volume_ema_v500_volume_gate_prior,60,0,false,0,0,-2100.00,43.40,-2143.40,5115.50,-0.419001,7,14,71.4286,0.580745,batch_cpu_reference,.run/replay-sweeps/this-week-20260807/gc-ema-v500-gated-prior/runs/gc-week-ema-v500-gated-prior-20260809-000003/result.json,"{""session_filter"":""full_source"",""selection"":""volume_ema_v500_volume_gate_prior"",""native_volume_ema_cross.volume_regime.lookback_bars"":30,""native_volume_ema_cross.volume_regime.invert_below_relative_volume"":0.35,""native_volume_ema_cross.ema_gate.enabled"":false,""native_volume_ema_cross.ema_gate.ema_length"":960}"
2026-08-09,2026-07-27T22:00:00.371Z/2026-08-02T23:59:59Z,GC,GCZ6,volume_500,heikin_ashi,903,VolumeAdaptiveEmaCross,streaming,21,100,volume_ema_v500_ema960_gate_prior,60,0,false,0,0,0.00,0.00,0.00,0.00,0.000000,0,0,,,batch_cpu_reference,.run/replay-sweeps/this-week-20260807/gc-ema-v500-gated-prior/runs/gc-week-ema-v500-gated-prior-20260809-000002/result.json,"{""session_filter"":""full_source"",""selection"":""volume_ema_v500_ema960_gate_prior"",""native_volume_ema_cross.volume_regime.lookback_bars"":30,""native_volume_ema_cross.volume_regime.invert_below_relative_volume"":0.0,""native_volume_ema_cross.ema_gate.enabled"":true,""native_volume_ema_cross.ema_gate.ema_length"":960}"
2026-08-09,2026-07-27T22:00:00.371Z/2026-08-02T23:59:59Z,GC,GCZ6,volume_500,heikin_ashi,903,VolumeAdaptiveEmaCross,streaming,21,100,volume_ema_v500_combined_gate_prior,60,0,false,0,0,0.00,0.00,0.00,0.00,0.000000,0,0,,,batch_cpu_reference,.run/replay-sweeps/this-week-20260807/gc-ema-v500-gated-prior/runs/gc-week-ema-v500-gated-prior-20260809-000004/result.json,"{""session_filter"":""full_source"",""selection"":""volume_ema_v500_combined_gate_prior"",""native_volume_ema_cross.volume_regime.lookback_bars"":30,""native_volume_ema_cross.volume_regime.invert_below_relative_volume"":0.35,""native_volume_ema_cross.ema_gate.enabled"":true,""native_volume_ema_cross.ema_gate.ema_length"":960}"
2026-08-09,2026-07-27T22:00:00.371Z/2026-08-02T23:59:59Z,GC,GCZ6,volume_500,heikin_ashi,903,VolumeAdaptiveEmaCross,streaming,21,100,volume_ema_v500_ema240_gate_prior,60,0,false,0,0,-5060.00,12.40,-5072.40,5072.40,-1.000000,2,4,0.0000,0.000000,batch_cpu_reference,.run/replay-sweeps/this-week-20260807/gc-ema-v500-gated-prior-ema-lengths/runs/gc-week-ema-v500-gated-prior-ema-lengths-20260809-000003/result.json,"{""session_filter"":""full_source"",""selection"":""volume_ema_v500_ema240_gate_prior"",""native_volume_ema_cross.volume_regime.lookback_bars"":30,""native_volume_ema_cross.volume_regime.invert_below_relative_volume"":0.0,""native_volume_ema_cross.ema_gate.enabled"":true,""native_volume_ema_cross.ema_gate.ema_length"":240}"
2026-08-09,2026-07-27T22:00:00.371Z/2026-08-02T23:59:59Z,GC,GCZ6,volume_500,heikin_ashi,903,VolumeAdaptiveEmaCross,streaming,21,100,volume_ema_v500_ema480_gate_prior,60,0,false,0,0,-4370.00,6.20,-4376.20,4376.20,-1.000000,1,2,0.0000,0.000000,batch_cpu_reference,.run/replay-sweeps/this-week-20260807/gc-ema-v500-gated-prior-ema-lengths/runs/gc-week-ema-v500-gated-prior-ema-lengths-20260809-000007/result.json,"{""session_filter"":""full_source"",""selection"":""volume_ema_v500_ema480_gate_prior"",""native_volume_ema_cross.volume_regime.lookback_bars"":30,""native_volume_ema_cross.volume_regime.invert_below_relative_volume"":0.0,""native_volume_ema_cross.ema_gate.enabled"":true,""native_volume_ema_cross.ema_gate.ema_length"":480}"
