gen,idx,w_pnl,w_sortino,w_mdd,fitness,eval_pnl,eval_sortino,eval_drawdown,eval_ret_mean
0,0,1.1758,1.1489,0.4512,59.2857,1.5667,50.0000,0.0000,-2.6706
0,1,1.1912,0.6424,1.2041,36.3842,4.3187,50.0000,0.7297,-3.0117
0,2,0.1134,1.4067,1.4572,-24.4692,-4.8739,-15.7547,1.2044,-3.5533
0,3,1.6382,0.3938,0.4100,10.8420,1.5592,21.0430,0.0000,-2.2715
0,4,0.4775,0.2210,1.6889,4.7305,2.0259,17.0280,0.0000,-3.4628
0,5,1.1520,0.3199,0.0356,304.2163,4.7356,934.9684,9.6986,-6.1926
0,6,0.3384,1.3777,0.9233,69.9045,3.0063,50.0000,0.0000,-4.0042
0,7,0.5140,0.7494,0.5506,41.4500,7.7439,50.0000,0.0000,-3.4404
0,8,0.9693,1.6798,1.7727,468.4510,4.4200,286.3801,9.5331,-2.3468
0,9,1.7852,1.7460,1.1512,-24.4491,-1.2347,-11.0655,2.5406,-1.9284
0,10,0.1149,1.1487,0.4474,-16.7581,-3.2055,-14.2678,0.0000,-3.3434
0,11,1.2907,0.9821,1.2106,-13.4411,-3.4245,-9.1857,0.0000,-2.4630
0,12,0.0082,1.8838,1.1136,94.2436,6.4805,50.0000,0.0000,-1.9276
0,13,0.2424,1.6498,1.4575,83.3334,3.4704,50.0000,0.0000,-1.8776
0,14,0.9770,1.4739,0.5296,6.7918,0.3589,4.3702,0.0000,-3.7649
0,15,0.6441,0.2781,1.2581,-10.5008,-8.1184,-15.8604,0.6838,-4.3007
0,16,0.1102,1.2190,0.7613,-19.3746,-0.5389,-15.7659,0.1267,-4.2185
0,17,0.4432,0.6319,0.5313,-12.3097,-3.3893,-9.9732,8.4802,-1.7749
0,18,0.3475,1.8961,0.8322,-1.0062,1.3025,5.2568,13.7297,-2.3246
0,19,1.3567,1.3807,1.5632,79.4402,7.6707,50.0000,0.0000,-2.2498
0,20,0.7627,0.4574,0.8274,0.6678,0.0287,1.4121,0.0000,-4.5217
0,21,1.6756,0.2722,1.7382,-14.5692,-6.2673,-14.9441,0.0000,-2.1287
0,22,1.8129,1.4355,0.6668,-27.5243,-3.3962,-12.3230,5.5159,-2.4346
0,23,1.9388,0.8073,0.2577,16.2379,1.4557,16.6176,0.0000,-4.8602
0,24,0.7121,0.4535,0.3310,26.7862,5.7716,50.0000,0.0000,-3.4511
0,25,1.3895,1.6450,1.9113,7.9911,1.1104,11.5259,6.5461,-4.2299
0,26,1.2385,1.8616,0.1884,-36.9728,-6.2907,-15.3346,3.3680,-4.6125
0,27,1.4936,1.8647,1.2401,94.6258,1.4705,50.0000,0.6500,-1.4472
0,28,1.6453,0.6674,0.0941,36.9629,2.3953,50.0000,3.7178,-5.8641
0,29,1.1122,1.7618,0.2461,89.9185,1.3561,50.7276,3.9125,-3.2805
0,30,1.8410,1.8887,1.7987,28.8841,0.6544,14.6554,0.0000,-2.5986
0,31,0.0855,0.3461,1.9574,-10.7795,-1.8180,-11.6451,3.3685,-4.4208
0,32,0.0440,0.6900,0.0463,34.8325,7.5647,50.0000,0.0000,-3.8463
0,33,1.9789,0.5771,0.4392,36.8626,4.0477,50.0000,0.0000,-2.8210
0,34,0.8437,0.5626,0.2028,-14.7949,-6.6289,-15.7458,1.6986,-3.3343
0,35,1.2157,1.6783,1.1860,-13.5286,-0.6869,-7.5632,0.0000,-4.0598
0,36,1.4065,0.3383,1.7076,-9.8209,-1.7739,-14.8341,1.3518,-2.7908
0,37,1.7806,0.9168,0.4483,4668.6363,3.1389,5086.1929,0.0000,-1.7514
0,38,1.9504,1.6423,0.7237,-34.5687,-4.7292,-15.4326,0.0000,-3.0943
0,39,1.4958,1.5010,0.5368,62.8750,2.1529,39.7434,0.0000,-3.1099
0,40,0.9139,1.6315,0.2526,-33.1050,-7.9594,-15.8332,0.0000,-4.0332
0,41,1.1403,0.5015,1.3298,31.0494,5.2400,50.0000,0.0000,-3.8167
0,42,1.2154,0.7737,1.1964,44.4732,4.7606,50.0000,0.0000,-1.8767
0,43,1.4605,0.4630,0.3691,-14.6203,-4.3281,-12.3316,7.0172,-4.3667
0,44,0.0396,1.8862,0.9021,0.7479,0.3503,3.1285,5.7278,-4.2023
0,45,0.9668,1.7087,0.7941,-29.0059,-4.0282,-10.1980,9.6791,-4.3708
0,46,1.6708,1.3250,0.3438,-8.5549,-0.1837,-5.9610,1.0165,-4.9379
0,47,1.6894,1.1467,0.9632,63.9085,3.8908,50.0000,0.0000,-1.9816
1,0,1.7806,0.9168,0.4483,46.9642,1.0998,50.0000,1.8609,-2.1187
1,1,0.9693,1.6798,1.7727,87.3475,3.4630,50.0000,0.0000,-4.7763
1,2,1.1520,0.3199,0.0356,-0.3217,-0.0899,-0.6819,0.0000,-4.0904
1,3,1.4936,1.8647,1.2401,95.4466,1.4804,50.0000,0.0000,-2.9698
1,4,0.0082,1.8838,1.1136,-18.9809,-1.0210,-7.8074,3.8297,-1.7754
1,5,1.1122,1.7618,0.2461,-26.0490,-4.1228,-10.9791,8.6149,-3.3475
1,6,0.2424,1.6498,1.4575,-12.9991,-2.9314,-7.4483,0.0000,-3.1498
1,7,1.3567,1.3807,1.5632,-26.7759,-3.6515,-15.8053,0.0000,-3.5188
1,8,0.3384,1.3777,0.9233,69.1448,0.7610,50.0000,0.0000,-3.8798
1,9,1.6894,1.1467,0.9632,-25.8354,-3.9338,-15.6740,1.2626,-2.0738
1,10,1.4958,1.5010,0.5368,-30.6261,-4.9062,-15.5146,0.0000,-3.3370
1,11,1.1758,1.1489,0.4512,121.9755,3.7216,102.3610,0.0000,-2.3217
1,12,1.2154,0.7737,1.1964,43.6873,4.1140,50.0000,0.0000,-2.5901
1,13,0.5140,0.7494,0.5506,38.8054,2.5985,50.0000,0.0000,-2.6718
1,14,1.6453,0.6674,0.0941,-11.3636,-3.1023,-9.3784,0.0000,-2.5253
1,15,1.6773,0.8558,1.6200,-18.9628,-3.4911,-15.3161,0.0000,-2.8577
1,16,1.5517,0.9694,0.0131,-21.8644,-4.9216,-14.6197,4.1649,-2.5703
1,17,1.9784,1.2880,0.6731,72.7085,4.1997,50.0000,0.0000,-2.8934
1,18,1.3695,1.6071,0.5063,-26.9706,-3.3854,-12.0785,5.7744,-2.7156
1,19,1.6395,2.0000,1.2603,-2.0142,-0.1710,-0.8670,0.0000,-2.7408
1,20,0.4563,1.2446,0.6122,-15.4880,-2.7498,-11.4362,0.0000,-6.2291
1,21,0.3890,1.6191,1.5739,-24.3248,-0.7550,-14.0769,0.7871,-3.0402
1,22,1.3556,0.4599,0.4050,-9.2123,-1.4575,-15.7335,0.0000,-4.1865
1,23,1.7180,0.7977,0.3460,47.4154,4.3843,50.0000,0.0000,-2.4692
1,24,0.1148,1.2898,1.7848,-21.8031,-3.2539,-15.8118,0.5801,-4.2740
1,25,1.4099,1.4575,0.5776,75.7182,2.6091,50.0000,1.4434,-2.6093
1,26,0.9899,0.5501,1.1046,31.7120,4.2506,50.0000,0.0000,-2.6957
1,27,1.8176,0.9364,0.4964,-5.9150,-0.3538,-2.2311,6.4123,-2.8942
1,28,0.9711,1.3434,1.4677,-0.8420,-0.1308,-0.5321,0.0000,-2.5135
1,29,0.5177,0.3427,0.0000,-4.5561,-0.2533,-12.9119,0.0000,-2.6552
1,30,0.5347,0.8665,0.3684,3.6474,1.5876,8.2521,11.8135,-5.3885
1,31,2.0000,1.3042,1.1494,-27.9187,-5.3163,-13.2538,0.0000,-3.1494
1,32,1.5696,1.0936,0.0027,63.1710,5.4220,50.0000,7.9605,-1.8885
1,33,1.2372,1.6079,0.2805,-33.3075,-6.6024,-15.6342,0.0000,-5.2160
1,34,1.4539,0.7823,1.4350,43.4932,3.5908,50.0000,0.5857,-2.4107
1,35,0.5082,1.5767,1.4180,-26.6904,-2.1831,-15.7685,0.5071,-3.8964
1,36,0.3475,0.5165,0.4907,-12.7781,-5.8750,-13.0415,8.1547,-1.9999
1,37,0.6830,1.6125,1.8233,-39.1594,-6.4514,-14.1607,6.5374,-2.9228
1,38,1.6186,1.0336,0.9155,-16.2119,-0.7107,-13.8713,0.7910,-3.1905
1,39,0.2565,1.3733,1.1899,-3.0676,-0.1094,-2.2134,0.0000,-2.3284
1,40,1.3850,1.0690,0.5546,233.3288,3.6736,213.4997,0.0000,-2.4762
1,41,1.4456,1.7220,0.9754,-32.3253,-3.4122,-13.5450,4.1709,-2.8292
1,42,1.3249,1.0911,0.6214,-21.8123,-3.0969,-15.6935,0.9434,-2.8987
1,43,1.3021,1.4538,1.8571,5.2887,2.7428,17.2884,12.6091,-2.1134
1,44,1.5310,0.9196,1.0199,52.2561,4.0984,50.0000,0.0000,-2.4877
1,45,0.3886,0.8094,0.7242,-3.0021,-0.8341,-3.3084,0.0000,-4.2323
1,46,1.4454,0.6028,0.3014,-14.7404,-4.6102,-13.3981,0.0000,-3.8159
1,47,1.5929,1.7868,1.3350,-43.7547,-6.9483,-15.2224,4.1109,-2.7549
2,0,1.3850,1.0690,0.5546,62.9262,6.8406,50.0000,0.0000,-3.1811
2,1,1.1758,1.1489,0.4512,-22.5516,-4.0599,-15.4742,0.0000,-2.6669
2,2,1.4936,1.8647,1.2401,-39.2064,-5.6605,-15.8098,1.0251,-3.7579
2,3,0.9693,1.6798,1.7727,-27.4349,-1.5329,-13.3844,1.9551,-3.9274
2,4,1.4099,1.4575,0.5776,21.1350,1.3115,15.7533,6.3608,-1.8344
2,5,1.9784,1.2880,0.6731,71.4028,3.5397,50.0000,0.0000,-2.0768
2,6,0.3384,1.3777,0.9233,-14.9638,-3.5055,-10.0002,0.0000,-2.5237
2,7,1.5696,1.0936,0.0027,60.1226,3.4663,50.0000,0.0000,-4.0892
2,8,1.5310,0.9196,1.0199,47.6142,2.7620,50.0000,2.5452,-2.6846
2,9,1.7180,0.7977,0.3460,46.3107,4.9096,50.0000,5.8022,-2.9313
2,10,1.7806,0.9168,0.4483,37.8842,4.7173,39.4026,14.8102,-5.9464
2,11,1.2154,0.7737,1.1964,170.5081,0.8076,221.8503,1.7787,-3.6809
2,12,1.4539,0.7823,1.4350,-24.6258,-2.6994,-7.7766,10.1866,-2.6117
2,13,0.5140,0.7494,0.5506,79.2512,3.8688,109.9454,9.3176,-2.1476
2,14,0.9899,0.5501,1.1046,27.3086,1.3689,50.0000,1.4039,-3.5191
2,15,1.6122,0.6422,1.3839,-24.6473,-6.1116,-15.2180,3.6288,-2.4723
2,16,1.6534,1.4152,0.9515,72.6590,3.7068,50.0000,4.4429,-3.6250
2,17,0.3395,1.8068,1.0752,91.3947,3.1136,50.0000,0.0000,-2.1889
2,18,1.4535,1.0650,0.5764,-16.2427,-1.8160,-10.5604,4.0891,-4.2982
2,19,1.5931,1.7357,1.0508,-38.3581,-5.8692,-15.7228,1.6346,-2.8216
2,20,2.0000,1.5268,0.7838,-34.1661,-6.8376,-13.4208,0.0000,-4.4026
2,21,1.1896,0.6877,1.5138,-31.3629,-6.5175,-12.6695,9.8406,-2.9846
2,22,2.0000,1.1392,0.7842,-21.3618,-2.0691,-13.2304,2.7438,-2.6742
2,23,0.8706,1.9303,2.0000,26.2901,1.9476,12.7413,0.0000,-2.4959
2,24,1.1492,0.7203,0.5762,51.1634,2.5592,72.3087,6.7075,-2.1058
2,25,1.7014,0.7687,0.9225,42.4147,2.3382,50.0000,0.0000,-2.5725
2,26,1.8728,0.9951,0.0000,58.3917,4.6119,50.0000,5.4373,-2.5977
2,27,0.7617,0.8265,1.1869,11.5696,1.1287,12.9575,0.0000,-3.5075
2,28,1.3798,0.7652,1.2127,-20.9449,-3.8721,-14.1515,3.9361,-2.5360
2,29,0.5962,0.0315,1.5081,-11.3011,-4.4926,-13.5837,5.4338,-3.5536
2,30,1.4797,0.3398,1.7491,-9.7858,-3.9332,-11.6719,0.0000,-4.2662
2,31,1.3729,0.9275,0.3928,49.8644,4.0510,50.0000,5.2775,-1.6721
2,32,1.0210,1.2757,0.1631,70.2249,6.3086,50.0000,0.0000,-4.1718
2,33,1.6167,1.0134,0.0000,-29.1900,-8.1238,-15.8441,1.0067,-3.9883
2,34,0.3580,1.3041,0.7141,-12.7953,-2.3242,-9.1735,0.0000,-2.8770
2,35,1.4010,2.0000,1.9512,-36.4303,-2.4123,-15.5331,1.0172,-3.8807
2,36,1.8136,1.1900,0.9976,-32.1668,-3.8697,-7.0971,16.7425,-3.3491
2,37,1.3352,1.7215,0.3280,-29.5150,-3.0776,-14.1651,3.1138,-2.8207
2,38,1.2737,1.6651,1.3597,-32.2779,-3.4595,-15.5139,1.5005,-4.6078
2,39,0.3050,0.9266,0.9770,47.7090,4.5165,50.0000,0.0000,-4.6157
2,40,1.3734,0.2867,0.9629,314.9950,1.2299,1092.6718,0.0000,-2.8892
2,41,0.9326,0.2757,0.9714,-1.3619,-0.8516,-2.0594,0.0000,-2.2467
2,42,1.2218,0.6852,0.8780,-16.8041,-3.7952,-15.4437,1.8053,-2.8208
2,43,1.0889,0.9587,0.3067,-24.9034,-8.8994,-15.8683,0.0000,-3.2613
2,44,1.3232,2.0000,1.9285,102.3316,1.7621,50.0000,0.0000,-3.1481
2,45,2.0000,1.9747,0.9635,-43.5125,-5.1995,-14.7346,4.1687,-3.8731
2,46,1.5761,1.6303,1.5851,-36.8393,-6.0860,-15.8305,0.9081,-3.3821
2,47,1.0041,0.5997,0.6384,-12.9373,-3.6000,-15.5455,0.0000,-4.5628
3,0,1.3734,0.2867,0.9629,-0.4863,0.2331,5.3382,2.4271,-3.7263
3,1,1.2154,0.7737,1.1964,42.3717,3.0316,50.0000,0.0000,-2.3369
3,2,1.3232,2.0000,1.9285,-19.3335,-0.6205,-5.8976,3.4831,-2.8112
3,3,0.3395,1.8068,1.0752,90.5034,5.2953,50.0000,1.5179,-3.0159
3,4,0.5140,0.7494,0.5506,39.6591,4.2594,50.0000,0.0000,-3.1048
3,5,1.6534,1.4152,0.9515,75.9379,4.1150,50.0000,1.7061,-2.6949
3,6,1.9784,1.2880,0.6731,71.2962,3.4858,50.0000,0.0000,-1.9756
3,7,1.0210,1.2757,0.1631,-10.6836,-1.8344,-6.9066,0.0000,-3.1914
3,8,1.3850,1.0690,0.5546,-18.4504,-2.6533,-13.8214,0.0000,-3.3560
3,9,1.5696,1.0936,0.0027,57.3721,1.7140,50.0000,0.0000,-8.9467
3,10,1.8728,0.9951,0.0000,-4.8263,-0.6439,-3.6383,6.6584,-3.0663
3,11,1.1492,0.7203,0.5762,45.5880,8.3283,50.0000,0.0000,-7.0767
3,12,1.3729,0.9275,0.3928,-9.7254,-0.3275,-10.0006,0.0000,-2.6981
3,13,0.3050,0.9266,0.9770,-21.7963,-7.0527,-14.4578,6.3954,-3.4005
3,14,1.5310,0.9196,1.0199,54.2660,5.4112,50.0000,0.0000,-2.7570
3,15,1.4026,1.3589,0.5047,70.2064,3.0587,50.0000,4.0244,-2.3584
3,16,1.3349,0.8398,0.6213,-3.7766,-0.5426,-3.6348,0.0000,-4.3189
3,17,0.2230,1.4566,1.1708,61.6484,7.5101,50.0000,10.9781,-2.3343
3,18,1.0318,0.7582,0.5039,-7.4050,-0.7640,-3.9072,7.2518,-2.8539
3,19,0.0000,1.0049,1.5086,-15.1130,-6.1211,-15.0393,0.0000,-2.6373
3,20,1.4733,1.0045,0.0000,-16.8228,-4.0572,-10.7967,0.0000,-4.1244
3,21,1.6414,0.8974,0.2394,57.0956,7.4488,50.0000,0.0000,-2.8214
3,22,0.0000,0.9087,0.6325,20.1058,2.6971,28.8082,9.5978,-3.9532
3,23,0.7604,1.1476,0.3518,60.0069,3.7558,50.0000,0.6574,-3.0232
3,24,1.7272,1.0836,0.9570,-11.0663,-0.6423,-6.2436,3.3346,-2.8347
3,25,1.0604,1.3150,0.5206,-5.0754,0.1664,0.6548,11.7410,-5.8500
3,26,0.4954,0.7972,0.2643,43.2079,6.7539,50.0000,0.0000,-2.1628
3,27,1.9903,0.9834,0.0000,-21.3755,-3.6147,-14.4205,0.0000,-2.8824
3,28,0.5558,0.7861,0.7384,37.0505,4.7178,50.0000,6.6067,-2.9645
3,29,1.8664,1.1034,0.0000,-20.2206,-2.0045,-14.9351,0.0000,-4.4042
3,30,1.7359,0.7487,1.0363,-10.8724,0.1029,0.4291,10.9739,-2.0749
3,31,1.4887,0.9046,0.4775,55.5142,7.8187,50.0000,2.8358,-3.0380
3,32,2.0000,1.1984,0.9506,64.4588,2.9219,50.0000,1.3706,-2.6243
3,33,0.6325,1.2773,0.2874,-14.9720,-0.9072,-11.2719,0.0000,-3.0721
3,34,0.5075,1.1641,0.0000,59.3465,2.2469,50.0000,0.0000,-1.9453
3,35,0.6648,1.6618,1.8499,-12.4856,-1.3999,-6.9531,0.0000,-3.3017
3,36,0.1896,1.2778,1.1224,-18.7090,-1.9624,-7.5591,7.7314,-2.4965
3,37,0.5125,0.0000,0.4838,-4.2451,-6.4987,-15.7094,1.8895,-3.5810
3,38,1.6675,1.4001,0.6686,13.9952,0.1028,9.8732,0.0000,-1.9420
3,39,1.3205,1.1749,0.0000,65.8862,5.4096,50.0000,0.0000,-2.6481
3,40,1.8972,1.6038,0.8466,-27.5202,-1.4094,-15.4924,0.0000,-3.4669
3,41,1.8064,1.5632,0.0000,40.9154,1.7992,24.0949,6.9512,-1.7765
3,42,0.9534,0.9206,0.1747,-20.2444,-6.5040,-15.2552,0.0000,-2.1711
3,43,1.9883,1.4454,0.8548,-31.1917,-4.3279,-15.6267,0.0000,-3.6829
3,44,0.3348,0.7602,1.4651,-12.1949,-2.2595,-15.0463,0.0000,-2.0282
3,45,2.0000,1.3772,0.0000,-33.9562,-6.1047,-15.7908,0.0000,-4.2327
3,46,1.6245,0.0000,1.1419,-1.7446,-0.9585,-15.8166,0.1641,-2.4884
3,47,1.4564,0.9605,1.0408,57.4891,6.4990,50.0000,0.0000,-2.1915
4,0,0.3395,1.8068,1.0752,-20.4377,-3.3898,-10.6749,0.0000,-1.9101
4,1,1.6534,1.4152,0.9515,-30.1853,-3.8632,-14.5504,3.3704,-3.4796
4,2,1.9784,1.2880,0.6731,31.0467,1.6268,24.8426,6.1937,-2.3139
4,3,1.4026,1.3589,0.5047,6.6876,0.5105,4.3942,0.0000,-2.9780
4,4,1.3205,1.1749,0.0000,63.6185,3.6924,50.0000,1.0955,-2.3146
4,5,2.0000,1.1984,0.9506,-7.7429,-0.7932,-5.1374,0.0000,-2.9912
4,6,0.2230,1.4566,1.1708,-28.8697,-5.6233,-13.7622,6.4659,-3.4293
4,7,0.7604,1.1476,0.3518,61.8347,5.8554,50.0000,0.0000,-1.9644
4,8,0.5075,1.1641,0.0000,-16.9803,-1.6538,-13.8653,0.0000,-2.5009
4,9,1.4564,0.9605,1.0408,1.4256,0.2419,1.1175,0.0000,-1.5990
4,10,1.5696,1.0936,0.0027,17.5946,1.9083,13.3742,10.2233,-2.6058
4,11,1.6414,0.8974,0.2394,55.1612,6.2703,50.0000,0.0000,-2.6251
4,12,1.4887,0.9046,0.4775,-20.7494,-6.9064,-11.5724,0.0000,-4.7425
4,13,1.5310,0.9196,1.0199,-26.1010,-6.5439,-15.7637,1.5547,-4.6975
4,14,1.1492,0.7203,0.5762,39.3500,3.0959,50.0000,0.3907,-4.0931
4,15,1.6230,1.3460,1.0422,-24.2197,-3.2490,-14.0764,0.0000,-3.9756
4,16,1.7724,0.5539,0.1189,-14.6283,-3.4695,-15.3077,0.0000,-2.6154
4,17,1.3714,0.6186,0.3585,11.4102,2.5616,19.2057,11.1119,-4.3800
4,18,1.0940,0.8189,0.0000,43.2992,2.1534,50.0000,2.7888,-3.0352
4,19,1.6215,1.2135,0.6412,-15.1783,-2.5285,-9.1295,0.0000,-3.3224
4,20,1.3768,1.5671,0.3106,4.8562,1.1447,4.7098,13.2020,-3.9909
4,21,1.7114,0.9780,0.0249,50.7285,1.0677,50.0000,0.0000,-3.3613
4,22,1.5889,1.2082,0.4970,-21.0748,-3.0279,-10.7488,6.5923,-3.2543
4,23,1.6336,0.9958,1.1830,-24.8921,-5.5916,-15.8240,0.0000,-3.3177
4,24,0.8990,1.0868,0.0511,-10.0489,-2.2482,-7.3866,0.0000,-4.4783
4,25,1.9684,0.9715,0.5433,-7.2473,-1.5788,-4.2607,0.0000,-2.4250
4,26,0.4070,1.5210,1.1402,73.4146,6.7393,50.0000,4.7159,-3.2424
4,27,0.4495,1.3016,1.4598,7.2979,0.9309,5.2852,0.0000,-3.2899
4,28,0.3273,1.2951,0.0000,65.5126,2.3205,50.0000,0.0000,-3.3571
4,29,1.2531,0.7449,0.7815,-23.1441,-9.1111,-15.7440,0.0000,-3.3025
4,30,2.0000,1.2593,1.0958,6.1899,0.5262,4.0798,0.0000,-6.2981
4,31,2.0000,1.3697,0.8943,97.1194,3.3167,66.0642,0.0000,-6.8805
4,32,1.2169,1.0785,0.6164,60.4906,5.3967,50.0000,0.0000,-3.3033
4,33,1.0601,1.4768,0.0000,17.1629,1.4165,10.6051,8.8300,-3.2897
4,34,1.7955,1.3483,0.8878,76.7941,5.3909,50.0000,0.3387,-3.4685
4,35,0.8594,1.0884,0.1511,-20.3691,-3.5583,-15.8394,0.4744,-3.8268
4,36,1.3927,1.5233,0.7916,2.3793,0.2940,1.2932,0.0000,-3.4457
4,37,1.7430,1.1066,0.4808,70.5526,8.7347,50.0000,0.0000,-4.0920
4,38,1.5763,1.3715,1.0109,69.2729,3.4977,50.0000,4.7616,-2.7277
4,39,1.5775,0.7114,0.0000,-10.2098,-2.7803,-8.1861,9.6892,-1.8613
4,40,1.2228,1.8454,1.1776,-35.2840,-4.0778,-11.0180,8.4620,-3.9951
4,41,1.5625,1.8396,1.1149,-45.9983,-7.5753,-14.5295,6.6683,-5.7658
4,42,1.7379,0.8091,0.3592,-20.1751,-4.1519,-15.8601,0.3545,-2.4603
4,43,2.0000,1.0499,0.7902,-24.0714,-4.2968,-14.7416,0.0000,-6.0842
4,44,1.2932,1.1619,0.5495,-19.5650,-1.2436,-15.0631,0.8273,-2.0702
4,45,1.3958,0.9202,0.9030,-13.3268,-0.9879,-12.9847,0.0000,-1.8908
4,46,1.4520,0.8174,0.0000,47.2956,4.4264,50.0000,0.0000,-3.3578
4,47,2.0000,1.2400,0.8942,-1.8125,-0.1762,-1.1775,0.0000,-2.9723
5,0,2.0000,1.3697,0.8943,-37.7549,-6.3408,-14.2684,6.1841,-2.4155
5,1,1.7955,1.3483,0.8878,-24.0186,-1.8029,-14.2454,1.7731,-2.5140
5,2,0.4070,1.5210,1.1402,73.5997,3.9104,50.0000,3.5438,-3.4121
5,3,1.7430,1.1066,0.4808,-26.8407,-5.2448,-15.8684,0.2902,-1.4383
5,4,1.5763,1.3715,1.0109,68.5266,3.6278,50.0000,5.7026,-2.4593
5,5,0.3273,1.2951,0.0000,-11.6462,-2.9978,-8.2352,10.3492,-3.4877
5,6,1.3205,1.1749,0.0000,-23.2911,-5.2984,-13.8693,5.9006,-2.7084
5,7,0.7604,1.1476,0.3518,-7.2194,-0.6274,-2.0526,12.4693,-4.4906
5,8,1.2169,1.0785,0.6164,-20.2681,-3.3199,-15.0474,0.0000,-4.5920
5,9,1.6414,0.8974,0.2394,55.2220,6.3073,50.0000,0.0000,-1.9784
5,10,1.7114,0.9780,0.0249,-24.2928,-6.0923,-14.1782,0.0000,-2.3218
5,11,1.4520,0.8174,0.0000,-0.5327,-0.0280,-0.6020,2.0358,-5.2437
5,12,1.0940,0.8189,0.0000,-17.7474,-5.0348,-14.9465,0.0000,-2.1873
5,13,1.1492,0.7203,0.5762,1.6415,0.0993,2.1204,0.0000,-2.0964
5,14,1.9784,1.2880,0.6731,-9.2447,0.2120,0.6289,15.5618,-4.1697
5,15,1.7473,0.9523,0.0000,56.6742,5.1837,50.0000,0.7023,-3.2379
5,16,1.3932,1.1502,0.6077,-12.6461,-2.1816,-8.3520,0.0000,-2.7403
5,17,1.9484,0.8339,0.4714,47.5097,4.7149,50.0000,7.1558,-4.6845
5,18,0.1038,1.7499,0.0000,87.5740,0.7782,50.0000,0.3917,-2.9165
5,19,1.7534,0.7165,0.5883,44.0026,4.6627,50.0000,0.0000,-3.3584
5,20,1.0497,0.7469,0.4868,-11.6913,-4.1419,-9.8322,0.0000,-3.0974
5,21,1.9458,1.1458,1.2812,69.0890,6.1359,50.0000,0.1089,-1.1135
5,22,0.4265,1.5523,0.9056,80.5894,6.9727,50.0000,0.0000,-1.1014
5,23,0.6155,0.5976,0.4097,32.8356,5.1115,50.0000,0.4634,-3.7691
5,24,0.9323,1.1747,0.1828,-21.7254,-3.4669,-15.5055,1.5216,-3.3851
5,25,0.7872,0.4757,0.2342,-11.5212,-5.0434,-15.8742,0.0000,-3.4907
5,26,0.3827,0.9479,0.4291,349.3923,4.0703,370.8495,8.6333,-4.1388
5,27,1.7626,1.2009,0.4010,65.4166,3.0486,50.0000,0.0000,-4.3814
5,28,1.6669,1.3817,0.9287,-19.3443,-3.3168,-9.9993,0.0000,-2.9601
5,29,0.1953,1.5822,1.0843,-24.0123,-2.1830,-12.6282,3.3257,-4.2617
5,30,1.0708,0.8244,0.3119,-5.4458,-0.2942,-0.9013,14.0662,-2.8828
5,31,1.6816,1.1549,0.6865,-27.9260,-5.8554,-15.6555,0.0000,-4.1212
5,32,1.0452,0.5883,0.1919,18.0532,2.0094,27.1183,0.0000,-2.8231
5,33,1.7305,1.6341,1.2146,-38.9700,-9.5422,-13.7423,0.0000,-1.5783
5,34,0.3605,0.9346,1.1403,-16.3035,-4.0993,-15.8629,0.0000,-3.7069
5,35,0.1968,0.8258,0.6309,-9.5485,-1.5761,-11.1873,0.0000,-3.0786
5,36,0.6426,1.2707,1.3745,59.2906,4.5905,50.0000,5.2339,-1.7442
5,37,0.0000,1.8090,1.1489,52.9403,2.1115,29.2647,0.0000,-2.0271
5,38,1.2254,1.5475,1.1097,-27.6839,-2.1577,-15.4601,1.0059,-1.2128
5,39,0.6629,1.4460,0.6742,-12.0269,-0.9135,-4.5116,7.2644,-3.1079
5,40,0.4492,1.6831,1.2837,-22.1877,-1.5665,-9.5177,4.2570,-3.7289
5,41,2.0000,1.2841,1.0949,-33.1490,-5.5018,-15.6496,1.8721,-3.7904
5,42,1.9236,0.8940,0.0000,52.9167,4.2719,50.0000,5.3367,-3.6844
5,43,1.0232,0.5398,0.0000,-14.3150,-5.6862,-15.7424,1.4764,-3.7283
5,44,1.5362,1.2415,0.7855,5.3743,0.8634,7.5864,6.8371,-3.3997
5,45,0.8464,0.2373,0.4946,15.6006,4.4109,50.0000,0.0000,-2.7704
5,46,2.0000,1.1122,0.8566,-28.4156,-4.2405,-10.5316,9.5977,-1.7816
5,47,0.5608,1.6793,0.9747,-32.1469,-5.3449,-12.4597,8.4392,-2.9501
6,0,0.3827,0.9479,0.4291,0.0502,0.0074,0.0499,0.0000,-3.1888
6,1,0.1038,1.7499,0.0000,87.8168,3.1183,50.0000,0.0000,-3.8208
6,2,0.4265,1.5523,0.9056,-1.3206,-0.1202,-0.8177,0.0000,-2.6014
6,3,0.4070,1.5210,1.1402,78.2081,5.3058,50.0000,0.0000,-3.7111
6,4,1.9458,1.1458,1.2812,-25.0783,-3.7137,-15.5807,0.0000,-4.3327
6,5,1.5763,1.3715,1.0109,76.1571,4.8112,50.0000,0.0000,-2.5723
6,6,1.7626,1.2009,0.4010,-17.5613,-1.8360,-11.9290,0.0000,-2.9279
6,7,0.6426,1.2707,1.3745,-24.6621,-2.8891,-9.6361,7.6838,-1.4622
6,8,1.7473,0.9523,0.0000,70.6592,2.7884,69.0797,0.0000,-3.2330
6,9,1.6414,0.8974,0.2394,49.4126,2.7680,50.0000,0.0000,-4.7233
6,10,0.0000,1.8090,1.1489,-28.7170,-3.0336,-15.8744,0.0000,-2.1387
6,11,1.9236,0.8940,0.0000,55.5217,5.6262,50.0000,0.0000,-3.0817
6,12,1.9484,0.8339,0.4714,-6.3768,-1.1914,-4.8631,0.0000,-2.2069
6,13,1.7534,0.7165,0.5883,-20.3920,-4.5179,-15.2400,2.6345,-2.7321
6,14,0.6155,0.5976,0.4097,-4.6244,-1.4337,-6.2617,0.0000,-4.0676
6,15,1.5711,0.9105,0.8489,10.9817,2.6810,18.5015,11.8682,-3.8409
6,16,0.3480,1.8275,1.1754,91.8342,5.0878,50.0000,1.1138,-1.9722
6,17,0.7855,1.5146,0.6446,79.4313,4.7090,50.0000,0.0000,-1.3296
6,18,1.8059,0.6494,1.2019,32.2938,0.3056,50.0000,0.6058,-2.3080
6,19,1.9632,0.5207,0.5243,33.3865,3.7439,50.0000,0.0000,-3.7891
6,20,0.7574,1.4305,1.0766,-29.7743,-6.2142,-15.5238,2.6567,-2.2764
6,21,0.7468,1.3759,1.9091,-27.0028,-4.0794,-15.6953,1.2364,-2.9481
6,22,0.3655,1.5579,1.0896,103.3443,3.3413,71.6904,8.7752,-3.6532
6,23,0.3659,1.4376,1.5712,-20.4828,-6.2906,-12.6466,0.0000,-2.5741
6,24,0.0030,1.1446,1.0212,57.2447,5.5148,50.0000,0.0000,-2.3668
6,25,0.8534,1.2589,1.3692,-17.5362,-1.2441,-9.1591,3.6107,-2.2658
6,26,2.0000,0.7194,0.3057,-21.3933,-4.9873,-15.8715,0.0000,-2.4333
6,27,1.4803,1.1460,0.5224,-22.6638,-3.0227,-15.8720,0.0000,-3.6346
6,28,0.4342,1.7964,1.2030,-35.2049,-6.1919,-14.6673,5.1266,-2.2368
6,29,0.6188,0.5358,0.5215,28.3015,2.4445,50.0000,0.0000,-3.2798
6,30,0.2494,1.2450,0.8166,-21.2902,-3.1917,-15.1857,1.9443,-3.6802
6,31,1.5911,1.3662,1.1771,-26.9626,-2.6548,-7.4707,10.6462,-2.7803
6,32,0.0000,1.7956,0.9046,-28.9065,-4.4631,-8.0416,15.9933,-5.7040
6,33,0.2815,0.7374,0.6001,29.8577,3.8674,48.2365,11.3346,-1.8720
6,34,1.4198,1.4818,1.1853,31.8274,1.9288,25.4388,7.2621,-2.1943
6,35,0.4408,0.6439,0.1844,-10.9253,-1.6865,-15.6485,0.5753,-3.0950
6,36,0.5511,1.6995,0.3303,88.7108,6.7812,50.0000,0.0000,-0.5643
6,37,1.7576,0.8607,0.0844,-12.3756,-2.0981,-10.0939,0.0000,-2.2874
6,38,1.8055,0.8925,0.1596,51.7811,1.1531,56.2604,3.2266,-2.6492
6,39,1.1120,1.5382,0.5466,15.4947,1.1330,9.2540,0.0000,-2.2558
6,40,1.7017,0.4127,0.6636,25.0797,3.1055,50.0000,1.2684,-2.9861
6,41,0.0795,1.9014,1.3735,95.4614,6.2488,50.0000,0.0775,-1.5362
6,42,1.9469,1.2004,1.4342,-8.5725,-1.8112,-4.2040,0.0000,-5.5047
6,43,0.3363,1.1361,1.2726,-2.7471,-0.8487,-2.1669,0.0000,-1.7486
6,44,1.7645,1.2889,0.2169,69.6114,2.9981,50.0000,0.5798,-3.4179
6,45,0.4753,1.4101,0.9197,69.3843,3.7479,50.0000,3.1543,-3.8380
6,46,0.5092,1.3180,1.2804,76.1390,2.6840,56.7338,0.0000,-1.9213
6,47,1.7585,1.1801,0.1413,158.5300,3.3903,130.2366,7.9494,-2.0156
7,0,1.7585,1.1801,0.1413,64.8468,3.3222,50.0000,0.0000,-1.4551
7,1,0.3655,1.5579,1.0896,-25.7623,-3.2332,-15.7782,0.0000,-4.9789
7,2,0.0795,1.9014,1.3735,-30.4560,-4.7790,-15.8177,0.0000,-3.0625
7,3,0.3480,1.8275,1.1754,-19.9805,-4.7539,-10.0282,0.0000,-2.2114
7,4,0.5511,1.6995,0.3303,87.0625,3.7902,50.0000,0.0000,-2.5899
7,5,0.1038,1.7499,0.0000,-16.0413,-1.2801,-9.0912,3.7620,-4.3931
7,6,0.7855,1.5146,0.6446,77.6312,4.4041,50.0000,2.4211,-4.0138
7,7,0.4070,1.5210,1.1402,-26.4778,-6.0858,-15.7800,0.0000,-4.7044
7,8,1.5763,1.3715,1.0109,72.2021,5.0317,50.0000,4.2559,-3.1269
7,9,0.5092,1.3180,1.2804,-4.5283,1.1972,6.4830,10.6857,-3.6897
7,10,1.7473,0.9523,0.0000,-25.7895,-6.4506,-15.2450,3.7454,-2.7569
7,11,1.7645,1.2889,0.2169,44.4670,1.1081,32.9819,0.0000,-3.9255
7,12,0.4753,1.4101,0.9197,79.1352,3.2540,60.8353,8.9095,-1.9759
7,13,0.0030,1.1446,1.0212,57.2440,5.3061,50.0000,0.0000,-3.6925
7,14,1.9236,0.8940,0.0000,59.3905,7.6374,50.0000,0.0000,-3.0051
7,15,0.0000,1.8592,1.1417,-31.7353,-4.9643,-15.1213,3.1725,-2.8217
7,16,0.0000,0.8008,1.1651,-11.7136,-5.5472,-14.6269,0.0000,-3.3235
7,17,2.0000,1.4230,0.2103,-41.9064,-9.5064,-15.3398,5.0638,-2.9669
7,18,0.2301,2.0000,0.2110,-0.9864,-0.0226,-0.4906,0.0000,-3.9914
7,19,1.7099,0.7457,0.4698,-18.8718,-5.1801,-13.4283,0.0000,-2.3123
7,20,1.3318,0.9139,0.1516,53.5355,5.9945,50.0000,0.9307,-2.9443
7,21,1.9215,1.0503,1.0679,5.7846,0.5423,4.5151,0.0000,-1.6702
7,22,0.1297,0.5553,0.9396,-9.1186,-3.8023,-15.5338,0.0000,-3.6374
7,23,0.5194,1.4588,0.4318,-20.7381,-1.2283,-13.7783,0.0000,-2.0342
7,24,0.3679,1.3976,1.0684,-18.7890,-1.3679,-13.0841,0.0000,-5.1362
7,25,0.2063,1.2089,1.0849,-14.3138,-3.0654,-11.3170,0.0000,-3.1827
7,26,1.6265,1.2729,1.3394,-24.5583,-2.6760,-15.8736,0.0000,-1.9988
7,27,0.0000,2.0000,1.8458,1259.5682,4.6195,629.7841,0.0000,-2.2116
7,28,1.5178,1.3530,1.0224,-18.8999,-0.8699,-12.9926,0.0000,-3.5895
7,29,1.5445,1.2839,0.0000,-12.0368,-2.8784,-5.9126,16.1016,-2.4470
7,30,0.5339,1.4105,0.2357,41.8493,1.4429,29.1235,0.0000,-3.0798
7,31,0.5305,1.7845,1.2234,-25.4761,-3.3678,-13.2754,0.0000,-6.0469
7,32,0.0000,1.7808,1.3609,86.7097,3.7017,50.0000,1.7129,-2.3111
7,33,2.0000,0.8084,0.2220,-7.6985,-1.4427,-5.9541,0.0000,-3.6006
7,34,1.7650,0.8137,0.0000,4.5891,0.9401,3.6006,0.0000,-3.7360
7,35,1.5692,1.3219,0.8313,125.5990,1.6042,95.6032,3.9619,-1.2464
7,36,1.1934,1.5586,0.7818,26.7053,1.1129,16.2816,0.0000,-4.2331
7,37,0.0852,1.6899,1.2496,84.8811,4.5046,50.0000,0.0000,-1.4293
7,38,1.5455,0.9156,0.1969,7.1867,0.8221,7.8293,6.3591,-2.7793
7,39,0.1665,1.4323,1.6188,-22.5340,-0.3969,-15.4837,0.1794,-2.7291
7,40,0.0000,1.3864,1.3532,-19.7741,-1.5587,-14.2625,0.0000,-2.2760
7,41,0.6534,2.0000,1.1107,102.6197,4.0092,50.0000,0.0000,-2.5334
7,42,1.4706,0.8645,0.0036,-23.3370,-6.9886,-15.1067,0.0000,-3.2992
7,43,1.5146,1.7620,1.0052,-37.2063,-4.9287,-12.1567,8.2778,-3.0063
7,44,0.0000,2.0000,1.2447,100.0000,5.6840,50.0000,0.0000,-3.1749
7,45,1.5764,1.5675,0.7747,84.1657,3.6746,50.0000,0.0000,-3.6798
7,46,2.0000,1.5128,0.8074,-37.7896,-6.1107,-15.5393,2.5523,-3.9741
7,47,1.7845,1.0757,0.0000,-18.0790,-3.2019,-11.4951,6.0991,-1.2494
8,0,0.0000,2.0000,1.8458,-36.6778,-2.9352,-7.4664,11.7805,-3.3446
8,1,1.5692,1.3219,0.8313,73.8590,4.9486,50.0000,0.0000,-3.6359
8,2,0.6534,2.0000,1.1107,-34.4278,-3.6663,-13.4907,4.5475,-3.7032
8,3,0.0000,2.0000,1.2447,100.0000,1.4312,50.0000,0.0000,-3.1369
8,4,0.5511,1.6995,0.3303,88.1929,5.8414,50.0000,0.0000,-2.2656
8,5,0.0000,1.7808,1.3609,48.4036,1.1249,30.1789,3.9233,-4.1310
8,6,0.0852,1.6899,1.2496,-31.2683,-3.9117,-8.1450,13.7401,-3.9745
8,7,1.5764,1.5675,0.7747,-30.4558,-4.3225,-15.0829,0.0000,-3.2195
8,8,0.4753,1.4101,0.9197,-28.8341,-5.5842,-11.0466,11.5291,-1.6071
8,9,0.7855,1.5146,0.6446,76.6104,1.9122,50.0000,0.9680,-2.5468
8,10,1.5763,1.3715,1.0109,-25.8047,-3.2816,-15.0437,0.0000,-3.1091
8,11,1.7585,1.1801,0.1413,-6.7665,-0.8399,-4.4823,0.0000,-5.1385
8,12,1.9236,0.8940,0.0000,52.2455,3.9229,50.0000,0.9832,-4.1286
8,13,0.0030,1.1446,1.0212,54.9808,1.1934,50.0000,2.2040,-2.9807
8,14,1.3318,0.9139,0.1516,-5.9151,-0.8425,-5.2449,0.0000,-2.3692
8,15,1.6434,1.0148,0.0000,-27.0092,-6.9477,-15.3635,3.6137,-2.6532
8,16,0.9432,1.6333,0.6027,-14.5581,-1.2455,-4.2013,10.8194,-5.2454
8,17,0.1330,1.7670,1.6304,89.1439,5.9774,50.0000,0.0000,-2.5332
8,18,0.7252,1.5409,1.1667,76.5642,2.8248,50.0000,2.1689,-4.5908
8,19,0.5559,1.6519,0.6616,-29.1397,-5.2559,-15.8715,0.0000,-2.1866
8,20,1.1613,0.8169,0.1864,-19.0879,-5.5984,-15.4074,0.0000,-5.6092
8,21,1.4942,1.5594,0.8476,84.8086,4.5760,50.0000,0.0000,-2.7007
8,22,2.0000,0.6603,0.2757,-18.8330,-4.1487,-14.2639,4.0529,-2.2547
8,23,1.2779,1.8870,0.6659,590.2273,0.2245,312.8108,0.4813,-3.8803
8,24,1.3888,1.0097,0.4539,-21.7132,-4.5067,-15.3057,0.0000,-2.4208
8,25,1.4866,1.5077,1.2667,-33.9774,-4.4936,-13.7536,5.1799,-4.8088
8,26,0.2906,1.3474,0.3775,-20.6709,-8.2870,-13.5536,0.0000,-3.4185
8,27,1.7189,1.1949,0.4573,64.6204,2.8351,50.0000,0.0000,-3.6866
8,28,1.3798,0.8220,0.4383,7.7733,0.7810,10.7222,4.8323,-2.7028
8,29,1.6702,1.6040,0.4079,86.3189,3.6620,50.0000,0.0000,-2.7543
8,30,0.4950,1.0936,1.0576,58.2303,7.1722,50.0000,0.0000,-2.7526
8,31,0.0000,1.9099,1.5368,-19.7216,-0.9753,-6.3209,4.9775,-4.2528
8,32,0.0000,1.5667,1.6601,-8.7144,-1.4962,-5.5622,0.0000,-2.2505
8,33,0.1725,1.8384,0.4807,-7.2139,-0.2429,-3.1117,3.0193,-3.6696
8,34,1.6884,1.8027,0.7168,-29.0982,-3.3098,-9.3617,9.2545,-2.4367
8,35,2.0000,1.1449,0.4948,1.1057,0.1881,2.3517,3.9671,-1.6218
8,36,1.6424,1.4384,0.7539,74.0137,1.6845,50.0000,0.8925,-2.3475
8,37,0.1800,1.2037,1.2463,-22.9552,-4.6725,-14.9815,3.2743,-2.2518
8,38,1.7162,1.2570,0.8563,65.7810,1.7084,50.0000,0.0000,-4.2748
8,39,1.5691,1.7989,0.8870,-17.7833,-0.8769,-7.3411,3.6095,-1.9331
8,40,0.4347,1.7242,1.8165,-26.1036,-1.7393,-10.6150,3.8783,-2.9933
8,41,0.4030,1.5083,2.0000,74.7105,1.3115,50.0000,0.6160,-3.7485
8,42,0.4123,0.6737,0.9305,-20.1529,-6.9636,-13.3841,8.8824,-2.4487
8,43,1.7764,1.2985,0.0379,66.8248,1.0691,50.0000,0.0000,-3.2719
8,44,1.6262,0.8954,0.0000,53.7306,5.5113,50.0000,0.1987,-1.5954
8,45,0.1070,1.4781,0.9233,98.2982,3.0071,66.2876,0.0000,-2.1656
8,46,0.2245,1.6590,1.4091,-18.0350,-3.1494,-10.4447,0.0000,-2.3961
8,47,1.3919,1.2340,0.2966,65.4476,2.8264,50.0000,0.6264,-3.4939
9,0,1.2779,1.8870,0.6659,-38.0449,-5.6192,-15.5748,2.2154,-2.9976
9,1,0.0000,2.0000,1.2447,100.0000,1.6511,50.0000,0.0000,-2.7877
9,2,0.1070,1.4781,0.9233,-23.1321,-4.3326,-15.3368,0.0000,-4.0752
9,3,0.1330,1.7670,1.6304,-27.3264,-3.4305,-15.2068,0.0000,-5.4350
9,4,0.5511,1.6995,0.3303,85.1354,1.6175,50.0000,2.2098,-5.0698
9,5,1.6702,1.6040,0.4079,-7.8535,-1.2785,-3.5648,0.0000,-3.0061
9,6,1.4942,1.5594,0.8476,-31.2012,-4.1808,-12.2762,6.8552,-3.7303
9,7,0.7855,1.5146,0.6446,12.1705,0.7029,7.6707,0.0000,-2.7861
9,8,0.7252,1.5409,1.1667,-28.5191,-3.5520,-13.5799,4.3007,-3.6631
9,9,0.4030,1.5083,2.0000,76.4262,2.5115,50.0000,0.0000,-2.9185
9,10,1.6424,1.4384,0.7539,74.7795,1.7411,50.0000,0.0000,-2.0094
9,11,1.5692,1.3219,0.8313,68.6764,2.9421,50.0000,2.4468,-3.0723
9,12,1.7764,1.2985,0.0379,-8.2971,-1.2941,-4.6193,0.0000,-3.1523
9,13,1.7162,1.2570,0.8563,65.0662,3.3164,50.0000,4.0576,-1.7188
9,14,1.3919,1.2340,0.2966,66.4431,3.7388,50.0000,1.5517,-3.2937
9,15,1.9154,1.0840,0.0000,-32.2431,-9.4083,-13.1198,12.8176,-2.0109
9,16,0.5845,1.0648,0.8210,-6.3697,-1.2047,-5.3209,0.0000,-2.2536
9,17,1.4023,1.5864,1.0003,82.2278,3.6437,50.0000,2.1997,-2.1324
9,18,1.0683,1.8716,0.8042,-30.7027,-3.1258,-12.5310,4.8619,-2.6010
9,19,1.3425,1.5120,0.2849,80.4576,3.6170,50.0000,0.0000,-1.2764
9,20,0.4831,1.5388,1.9517,80.5167,7.4007,50.0000,0.0000,-2.3835
9,21,0.4534,2.0000,0.0000,-17.2567,-2.6112,-8.0364,9.3666,-2.2335
9,22,1.5918,1.0761,0.5767,45.4866,2.1910,42.6146,6.6904,-2.5933
9,23,0.2579,1.5884,0.6553,79.3763,3.5916,50.0000,1.4791,-2.4551
9,24,2.0000,1.3660,0.3256,74.2416,3.6049,50.0000,3.8968,-1.9388
9,25,1.6977,1.5346,0.6835,38.3332,1.7485,23.0456,0.0000,-3.4566
9,26,0.7243,1.2861,0.5435,76.6366,1.7861,58.5833,0.0000,-4.2540
9,27,1.7817,1.1395,0.0000,68.3088,6.3607,50.0000,0.0000,-2.5938
9,28,1.7001,1.5234,0.2728,-28.0259,-3.6725,-13.4801,4.5681,-5.5886
9,29,1.7991,1.5279,1.1797,284.0985,4.5831,180.5469,0.0000,-1.8330
9,30,1.7069,1.0705,0.6265,117.8993,1.4151,107.8737,0.0000,-4.8803
9,31,1.6284,1.2116,1.0971,-11.9053,-2.5210,-6.4377,0.0000,-3.1208
9,32,0.7615,1.5486,1.9316,78.9431,2.0791,50.0000,0.0372,-3.0226
9,33,0.4453,1.9224,1.6437,99.7342,8.1158,50.0000,0.0000,-2.8169
9,34,0.1047,1.5869,0.8468,-25.2781,-3.3572,-13.4778,4.1785,-3.2814
9,35,0.6647,1.4040,0.6311,73.6992,5.2638,50.0000,0.0000,-2.1512
9,36,1.2085,1.4878,0.5484,-28.3812,-3.6616,-15.5277,1.5564,-2.6034
9,37,1.0408,2.0000,0.8601,-35.9489,-3.5779,-15.1486,2.2416,-3.0062
9,38,1.7174,1.5039,1.1072,12.5214,2.3235,14.4199,11.8817,-3.9802
9,39,1.3164,1.7407,0.6548,-32.6537,-5.3292,-14.7285,0.0000,-2.9893
9,40,1.7310,1.2664,0.2165,67.0271,2.7893,50.0000,5.1751,-2.0375
9,41,0.9174,1.8060,1.0024,-32.0111,-2.9535,-15.4769,1.3476,-4.4118
9,42,0.0000,1.7469,0.7402,-24.2384,-3.7469,-13.8751,0.0000,-4.0231
9,43,0.0925,1.8415,0.9110,19.5617,0.3690,10.6041,0.0000,-1.9421
9,44,1.3795,0.7503,0.9281,-0.2727,-0.0488,-0.2738,0.0000,-2.9856
9,45,1.9575,1.3647,1.0876,9.5006,2.0576,12.9679,11.2397,-3.3780
9,46,0.7197,1.5498,1.9416,77.9970,0.7032,50.0000,0.0000,-3.5766
9,47,1.9783,1.5679,0.0367,-14.6994,-2.6538,-6.0268,0.0000,-2.8609
10,0,1.7991,1.5279,1.1797,-31.3061,-5.6227,-13.8691,0.0000,-3.5258
10,1,1.7069,1.0705,0.6265,46.1642,1.9349,40.0370,0.0000,-2.8662
10,2,0.0000,2.0000,1.2447,-28.4431,-0.2067,-14.0879,0.2147,-3.5306
10,3,0.4453,1.9224,1.6437,13.1274,0.5253,9.6868,3.4852,-4.9944
10,4,0.5511,1.6995,0.3303,87.2188,4.0738,50.0000,0.0000,-3.6629
10,5,1.4023,1.5864,1.0003,-14.2283,-1.2274,-7.8841,0.0000,-1.3747
10,6,0.4831,1.5388,1.9517,-42.8560,-5.6992,-10.9926,11.8802,-2.3330
10,7,1.3425,1.5120,0.2849,-12.9015,-2.1939,-6.5847,0.0000,-4.6779
10,8,0.2579,1.5884,0.6553,-17.0282,-0.9925,-9.4284,2.7414,-1.5451
10,9,0.7615,1.5486,1.9316,-12.9010,-0.8516,-7.9118,0.0000,-2.5540
10,10,0.7197,1.5498,1.9416,269.8143,0.0749,174.2710,0.1690,-2.3780
10,11,0.7243,1.2861,0.5435,-17.9881,-3.1349,-12.2212,0.0000,-4.3019
10,12,0.4030,1.5083,2.0000,-19.6563,-4.6568,-11.7881,0.0000,-2.0493
10,13,1.6424,1.4384,0.7539,-5.9705,-0.1797,-1.8578,3.9833,-2.1363
10,14,2.0000,1.3660,0.3256,-32.8874,-5.5453,-15.0979,3.6027,-3.0436
10,15,0.3175,1.0650,2.0000,-16.2013,-6.4825,-13.2801,0.0000,-3.1896
10,16,0.0000,2.0000,1.3903,-34.0836,-4.3716,-15.1744,2.6863,-3.7156
10,17,0.0000,2.0000,0.5150,-32.4902,-6.7262,-15.2102,4.0190,-3.1587
10,18,0.4484,1.6804,1.0803,24.5046,1.6563,18.8113,7.2660,-5.3049
10,19,1.2404,1.3194,0.6090,-26.7598,-4.3297,-15.7851,0.9232,-3.9736
10,20,1.4903,0.6585,0.2143,39.3063,4.2806,50.0000,0.0000,-2.7010
10,21,1.0338,0.7072,0.5633,460.5980,2.2408,647.9773,0.0000,-2.2438
10,22,0.7632,1.5771,1.3782,-5.0912,-0.5168,-2.9781,0.0000,-1.7974
10,23,1.5567,1.4569,0.0000,-9.2042,-1.6987,-4.5026,13.5417,-3.8966
10,24,0.0000,1.2230,1.7726,-12.8736,2.1251,9.7777,14.0087,-0.5167
10,25,0.6637,1.3095,0.6088,-23.3313,-3.9547,-13.5964,4.7666,-4.7695
10,26,0.1929,1.3413,0.6318,68.0218,4.9612,50.0000,0.0000,-2.6883
10,27,0.5588,1.5682,0.0593,-5.2408,-0.3784,-3.2071,0.0000,-4.4825
10,28,0.3500,2.0000,2.0000,-48.6956,-7.2295,-13.0368,10.0457,-2.5881
10,29,1.9704,1.9047,0.6276,111.9131,8.4636,50.0000,0.0000,-1.9653
10,30,0.3810,1.7535,1.9482,89.7356,5.4037,50.0000,0.0000,-2.6363
10,31,1.6027,1.2029,1.3217,59.8504,3.0103,50.0000,3.8741,-2.4210
10,32,1.4900,1.5291,0.9215,-35.9380,-7.8290,-15.8745,0.0000,-3.6147
10,33,0.2945,1.3273,2.0000,-1.3475,-0.1794,-0.9754,0.0000,-4.8569
10,34,1.4647,1.8378,0.6989,-21.0376,-2.5801,-9.3909,0.0000,-3.1669
10,35,2.0000,1.1883,0.1995,60.3969,0.5305,50.0000,0.3970,-2.2766
10,36,0.0000,2.0000,1.2272,100.0000,3.5446,50.0000,0.0000,-3.5360
10,37,0.6452,1.2397,0.8060,-22.0045,-4.4313,-15.4435,0.0000,-3.7051
10,38,1.2822,1.7214,0.8805,-7.3837,-0.7686,-3.7169,0.0000,-3.6031
10,39,0.2629,2.0000,0.6446,-33.8592,-5.2485,-15.5878,2.0226,-4.3365
10,40,1.1098,1.8877,0.1657,100.8792,6.6133,50.0000,5.0989,-3.1451
10,41,0.6030,2.0000,0.5206,-29.6547,-2.5573,-14.0564,0.0000,-2.8803
10,42,0.6711,1.8531,2.0000,-2.8761,-0.4087,-1.4040,0.0000,-4.1287
10,43,0.3051,1.3410,1.7932,68.5822,5.0276,50.0000,0.0000,-1.7906
10,44,1.6163,1.2092,0.1291,-18.6436,-2.2206,-12.0433,3.8139,-4.3240
10,45,1.7317,1.0300,0.5410,-9.0205,-0.7142,-3.5127,7.7006,-3.0167
10,46,0.9687,1.7775,1.7467,-21.7700,-2.7358,-10.7568,0.0000,-2.9208
10,47,1.6948,1.2167,0.1112,-28.2263,-5.3230,-15.6010,2.0020,-1.8115
11,0,1.0338,0.7072,0.5633,-15.3175,-5.5123,-13.6008,0.0000,-2.5860
11,1,0.7197,1.5498,1.9416,74.9071,4.2580,50.0000,2.9091,-3.7201
11,2,1.9704,1.9047,0.6276,101.6088,3.7418,50.0000,1.5940,-2.7771
11,3,1.1098,1.8877,0.1657,-25.0497,-3.3307,-10.6655,7.3603,-2.6544
11,4,0.0000,2.0000,1.2272,-3.0017,-0.4729,-1.5009,0.0000,-2.5834
11,5,0.3810,1.7535,1.9482,78.6929,5.7862,50.0000,5.7429,-4.7861
11,6,0.5511,1.6995,0.3303,85.2891,1.6123,50.0000,1.7358,-1.2090
11,7,0.3051,1.3410,1.7932,-16.2699,-0.7906,-5.6190,4.7366,-2.6509
11,8,0.1929,1.3413,0.6318,-23.3734,-5.2103,-15.2105,3.1126,-3.2473
11,9,2.0000,1.1883,0.1995,-27.6393,-5.1164,-13.6198,6.1269,-3.5688
11,10,1.6027,1.2029,1.3217,-20.6238,-0.9532,-15.2904,0.5319,-2.1612
11,11,1.7069,1.0705,0.6265,-21.8633,-2.6588,-15.4373,1.2745,-3.9679
11,12,1.4903,0.6585,0.2143,-9.2339,-1.5876,-10.4291,0.0000,-2.4904
11,13,0.4484,1.6804,1.0803,-0.4581,0.1483,2.0093,3.6110,-2.5989
11,14,0.4453,1.9224,1.6437,54.0709,3.1409,27.3992,0.0000,-3.2794
11,15,1.7426,1.4175,1.5220,-16.1721,-1.7989,-9.1972,0.0000,-2.1740
11,16,0.2398,1.2746,1.2355,64.5175,3.2897,50.0000,0.0000,-1.7986
11,17,0.4665,1.6230,1.2212,-10.6471,-0.6097,-6.3848,0.0000,-1.8226
11,18,1.2886,1.2572,1.0121,35.7603,1.7858,26.6132,0.0000,-3.9065
11,19,0.1049,1.7907,0.6051,-29.1568,-3.6454,-15.6807,1.1498,-3.0630
11,20,0.6709,1.0649,0.6230,55.6077,3.5212,50.0000,0.0000,-3.0876
11,21,0.3087,1.6566,0.2785,84.9424,6.8475,50.0000,0.0000,-3.0340
11,22,0.6436,1.8142,1.5557,-40.6952,-5.9230,-12.6815,8.9196,-1.9769
11,23,0.8596,0.5918,0.8153,16.8433,2.7625,24.4495,0.0000,-3.2118
11,24,1.5405,0.9751,1.3868,2.9205,0.5435,2.1364,0.0000,-3.5175
11,25,1.0227,1.0184,0.6214,19.1000,2.0922,16.6539,0.0000,-3.3572
11,26,1.5189,1.0346,0.3653,11.6836,1.9395,8.4453,0.0000,-2.7591
11,27,1.6368,1.2156,0.2236,-18.2531,-3.3814,-8.3692,11.3780,-2.1730
11,28,1.0434,0.6336,0.1702,-9.1785,-1.2696,-11.7782,2.2945,-3.5076
11,29,1.3937,0.9685,0.6006,-17.1895,-2.0248,-14.8340,0.0000,-3.4891
11,30,1.9739,1.8209,0.8964,98.5855,4.9580,50.0000,2.5075,-5.3110
11,31,0.9230,1.6950,0.2403,-4.3010,-0.4771,-2.2777,0.0000,-4.4261
11,32,0.0000,1.2218,2.0000,60.6494,4.6172,50.0000,0.2208,-2.6031
11,33,1.2977,0.6273,0.5383,-16.7181,-3.7261,-8.5550,12.1037,-3.0625
11,34,1.2238,0.6775,0.8264,2.1713,0.5583,2.1962,0.0000,-3.7332
11,35,1.5047,0.9833,0.7159,-15.6336,-1.7089,-13.2840,0.0000,-2.6755
11,36,2.0000,1.4001,0.4859,-10.8082,-0.8063,-3.1955,9.7173,-2.5675
11,37,0.5942,1.1171,1.6059,-14.6321,1.8103,7.2534,14.8267,-2.9092
11,38,0.4499,2.0000,1.4859,-33.0093,-3.3146,-15.7590,0.0000,-2.9727
11,39,1.8645,1.4504,0.7667,-33.7405,-5.0024,-14.0617,5.2414,-2.7715
11,40,0.4588,1.9133,1.3869,-31.4265,-3.1374,-10.4511,7.2042,-2.0140
11,41,1.1413,0.9428,0.5249,-18.8684,-3.1591,-15.7555,0.7781,-2.8627
11,42,0.0045,1.5120,0.0000,75.6178,4.0892,50.0000,0.0000,-2.3600
11,43,1.6314,0.8736,0.8916,-27.1358,-4.7424,-9.8720,12.0847,-2.8524
11,44,0.5023,2.0000,1.8660,-30.7642,-7.0833,-13.6031,0.0000,-5.3544
11,45,0.9124,1.1379,1.1097,66.2702,10.2751,50.0000,0.0000,-3.0834
11,46,0.2548,1.7229,1.1822,-29.3308,-4.8192,-15.8332,0.6968,-4.3257
11,47,0.0000,1.9356,1.3206,-23.9478,-2.1518,-12.3722,0.0000,-2.3466
12,0,1.9704,1.9047,0.6276,42.4081,2.5298,19.6477,0.0000,-2.6275
12,1,1.9739,1.8209,0.8964,-29.9923,-3.2015,-13.0005,0.0000,-2.3547
12,2,0.5511,1.6995,0.3303,17.8689,1.4660,10.0390,0.0000,-1.8166
12,3,0.3087,1.6566,0.2785,-21.9344,-2.7860,-11.8935,4.9258,-2.6863
12,4,0.3810,1.7535,1.9482,34.1957,2.4822,18.9617,0.0000,-4.4605
12,5,0.0045,1.5120,0.0000,-23.5731,-2.7239,-15.5826,1.0593,-4.4241
12,6,0.7197,1.5498,1.9416,-16.9365,-0.4250,-2.5994,6.4905,-3.0524
12,7,0.9124,1.1379,1.1097,-24.0275,-6.5420,-15.8700,0.0000,-2.8243
12,8,0.2398,1.2746,1.2355,65.6213,7.8936,50.0000,0.0000,-3.0869
12,9,0.0000,1.2218,2.0000,-23.1793,-2.4703,-12.0914,4.2029,-2.4294
12,10,0.6709,1.0649,0.6230,-18.1729,-6.6872,-12.8522,0.0000,-2.7148
12,11,0.4453,1.9224,1.6437,336.0364,5.1021,183.4107,11.4532,-2.8214
12,12,1.2886,1.2572,1.0121,66.8022,3.0577,50.0000,0.0000,-4.3105
12,13,1.0227,1.0184,0.6214,56.1335,6.4375,50.0000,2.2042,-2.4901
12,14,0.8596,0.5918,0.8153,-11.4413,-2.4895,-15.7175,0.0000,-3.1941
12,15,0.3677,1.3449,0.0000,68.1041,2.3322,50.0000,0.0000,-1.5297
12,16,1.3010,0.9620,0.7380,-20.5433,-4.1127,-15.7927,0.0000,-2.3343
12,17,0.8192,1.6218,1.7103,80.5576,0.9566,50.0000,0.7701,-5.9352
12,18,0.5830,1.1355,1.6413,-30.6374,-4.0040,-9.6939,10.5377,-4.7741
12,19,1.9906,1.3217,0.7507,14.6943,0.7254,10.0248,0.0000,-2.1299
12,20,0.6624,1.5539,0.5209,3929.5918,4.5684,2526.8501,0.0000,-2.6081
12,21,0.8527,2.0000,1.8466,-36.6737,-3.3243,-15.4224,1.6217,-2.9244
12,22,0.0143,1.3835,1.5497,69.2078,2.3015,50.0000,0.0000,-3.5617
12,23,0.3692,1.7148,1.3267,83.7621,3.7017,50.0000,2.5217,-2.5511
12,24,1.8679,2.0000,0.5777,106.6047,3.8705,50.0000,1.0818,-1.4587
12,25,0.2104,1.7831,2.0000,-33.4895,-6.8913,-15.7074,2.0161,-4.7250
12,26,0.8249,1.2675,2.0000,5.9872,0.4373,4.4389,0.0000,-1.3272
12,27,0.0000,1.1502,1.0950,54.5088,3.6309,50.0000,2.7407,-5.5367
12,28,0.9273,1.3601,1.2046,-24.3181,-2.6103,-15.8518,0.2796,-4.0226
12,29,1.5792,1.0251,1.0568,55.0555,4.4010,50.0000,2.9827,-1.6795
12,30,0.0000,1.3462,0.2310,67.3125,4.0984,50.0000,0.0000,-2.8324
12,31,0.3524,1.2752,1.3860,-5.6480,-0.3568,-4.3305,0.0000,-3.8782
12,32,1.9604,2.0000,0.9306,12.5321,1.1209,8.8549,7.9254,-4.1073
12,33,2.0000,2.0000,0.7789,-25.4569,-2.3341,-10.3943,0.0000,-3.9473
12,34,1.0751,1.3416,0.7392,16.3932,2.2602,10.4078,0.0000,-2.5470
12,35,0.1795,1.5412,1.3504,78.0770,5.6589,50.0000,0.0000,-2.4544
12,36,1.9308,1.5257,0.4309,18.1943,1.2299,12.3287,6.9393,-4.8129
12,37,0.9744,1.0508,1.5748,115.7341,2.9220,117.8604,6.9572,-3.3281
12,38,0.8477,2.0000,0.9346,-32.9033,-3.4006,-12.5469,5.2715,-3.5767
12,39,0.0000,1.3210,0.0177,-20.9573,-5.1671,-15.8650,0.0000,-3.7191
12,40,0.5372,1.9690,0.2481,-14.4419,-0.7243,-6.7089,3.3987,-2.5015
12,41,0.0000,1.5897,1.1204,79.4870,3.7466,50.0000,0.0000,-2.2048
12,42,0.4891,2.0000,1.7517,101.9399,3.9662,50.0000,0.0000,-2.3287
12,43,0.9879,0.7860,0.9884,-11.5704,-0.5936,-13.9753,0.0000,-2.1854
12,44,1.1982,1.1961,1.2097,-14.1292,-2.9482,-8.8596,0.0000,-2.9839
12,45,0.0391,1.5417,0.0819,77.2849,5.1406,50.0000,0.0000,-3.8628
12,46,0.5123,1.0513,1.3019,-21.4158,-4.1925,-15.2002,2.5251,-3.4669
12,47,0.0214,1.4254,0.0000,71.3591,4.1390,50.0000,0.0000,-3.4895
13,0,0.6624,1.5539,0.5209,80.7489,6.4585,50.0000,2.3544,-2.3422
13,1,0.4453,1.9224,1.6437,-37.3519,-5.3294,-14.9596,3.7844,-2.6436
13,2,0.9744,1.0508,1.5748,88.6383,2.2492,82.2707,0.0000,-2.9024
13,3,1.8679,2.0000,0.5777,-7.5368,-0.2524,-1.5085,7.0072,-4.4020
13,4,0.4891,2.0000,1.7517,-27.0722,-1.5919,-8.9060,4.8420,-2.2313
13,5,0.3692,1.7148,1.3267,487.0730,4.2245,290.1702,9.1027,-4.1564
13,6,0.8192,1.6218,1.7103,-24.2144,-4.4992,-12.6577,0.0000,-3.3060
13,7,0.0000,1.5897,1.1204,-26.0963,-3.3679,-13.4008,4.2775,-2.8735
13,8,0.1795,1.5412,1.3504,78.2934,6.8644,50.0000,0.0000,-3.4299
13,9,0.0391,1.5417,0.0819,-23.9562,-3.3735,-15.4536,0.0000,-3.1232
13,10,0.0214,1.4254,0.0000,-21.3223,-3.2328,-14.9101,2.3628,-3.6143
13,11,0.0143,1.3835,1.5497,271.6788,1.5375,200.1859,3.4199,-3.5152
13,12,0.3677,1.3449,0.0000,-19.0333,-3.6016,-13.1672,0.0000,-2.8579
13,13,0.0000,1.3462,0.2310,33.1097,1.5403,25.5863,5.7836,-2.6358
13,14,1.2886,1.2572,1.0121,4.1796,0.8667,7.8317,6.7023,-2.2398
13,15,0.4207,1.7756,1.6827,135.4452,2.8701,82.5189,7.3018,-3.2148
13,16,0.9111,0.7906,1.1556,38.8856,2.8268,50.0000,2.7877,-3.3385
13,17,0.0000,1.7696,1.1777,-26.7165,-3.4628,-15.0975,0.0000,-2.9675
13,18,0.0000,1.5338,0.4729,76.6906,4.5642,50.0000,0.0000,-2.3812
13,19,0.5636,1.8810,1.5840,-29.8606,-3.0227,-14.9693,0.0000,-3.9381
13,20,0.3075,1.6716,1.1582,-15.2091,-0.5072,-7.6435,1.9651,-3.2690
13,21,0.2799,1.3786,1.0676,-10.7604,-0.3892,-2.2126,7.1201,-3.6699
13,22,0.2218,2.0000,1.6761,101.1100,5.0051,50.0000,0.0000,-3.4899
13,23,0.0000,1.4984,0.0000,0.1952,0.0173,0.1302,0.0000,-2.8190
13,24,0.0876,1.8875,1.6434,-32.3604,-4.2612,-15.6304,1.5122,-3.3438
13,25,0.5473,1.8663,1.5649,-0.3504,-0.0168,-0.1828,0.0000,-3.5157
13,26,0.8753,1.7239,1.8938,-3.5046,1.0009,6.8573,8.5555,-3.0865
13,27,1.9069,2.0000,0.5143,20.4790,0.8401,10.7711,5.1821,-3.2970
13,28,0.0000,1.4877,0.5011,-24.4469,-6.1422,-14.9968,4.2639,-3.9591
13,29,0.4201,1.2572,0.2455,692.9096,3.6196,549.9262,0.0000,-2.5120
13,30,0.7354,2.0000,1.1832,-26.6457,-3.6931,-11.9649,0.0000,-2.6805
13,31,0.0000,1.3587,0.1494,-17.9769,-0.9472,-13.0884,1.3002,-6.1997
13,32,0.1473,1.6186,1.2759,-30.2310,-5.9103,-15.0844,3.8758,-3.4875
13,33,0.0000,1.7286,1.3481,86.4276,2.6367,50.0000,0.0000,-2.1572
13,34,0.7115,1.7283,1.5836,-24.1125,-1.8317,-13.1977,0.0000,-1.8726
13,35,0.4126,1.4435,0.6353,69.3040,4.2696,50.0000,7.2882,-3.0497
13,36,0.2960,2.0000,0.7209,-29.1030,-3.0797,-14.0957,0.0000,-2.3454
13,37,0.0000,1.6627,1.2209,-20.8006,-1.7087,-7.7559,6.4745,-2.6678
13,38,0.3735,2.0000,1.7539,-32.9833,-4.0399,-15.7371,0.0000,-4.8202
13,39,1.4618,0.8829,1.5642,51.3644,4.9387,50.0000,0.0000,-3.1603
13,40,0.0000,1.0364,0.3876,50.2290,2.0904,50.0000,4.1014,-3.2094
13,41,0.1701,1.6601,1.7377,-15.8254,-3.4508,-9.1792,0.0000,-2.7063
13,42,1.0666,1.3324,1.9298,66.7811,4.9635,50.0000,2.6591,-4.5309
13,43,1.1021,1.5259,1.1188,-21.6851,-1.3260,-11.3533,2.5917,-2.3197
13,44,0.8098,0.9411,1.6685,48.3758,5.6893,50.0000,1.9684,-1.9937
13,45,0.4603,1.3293,1.2436,67.9206,4.9623,50.0000,0.6680,-2.7534
13,46,0.0000,1.4637,0.8778,-22.2724,-3.8197,-15.2162,0.0000,-3.4669
13,47,0.2575,1.3169,0.0698,2.0087,0.2418,1.4780,0.0000,-4.5566
14,0,0.4201,1.2572,0.2455,-18.1452,-4.3402,-12.9824,0.0000,-3.2860
14,1,0.3692,1.7148,1.3267,-33.6632,-5.1914,-13.3659,6.6532,-1.8076
14,2,0.0143,1.3835,1.5497,-8.9547,-1.1715,-6.4604,0.0000,-4.6338
14,3,0.4207,1.7756,1.6827,-6.4146,1.2418,6.5336,11.0171,-2.5381
14,4,0.2218,2.0000,1.6761,93.7453,5.7006,50.0000,4.4860,-3.0035
14,5,0.9744,1.0508,1.5748,-19.6664,-2.1402,-15.6559,0.7178,-3.6425
14,6,0.0000,1.7286,1.3481,50.9953,2.4187,35.6500,7.8837,-1.7862
14,7,0.6624,1.5539,0.5209,-16.8761,-0.7547,-9.8967,1.9146,-3.4108
14,8,0.1795,1.5412,1.3504,78.5336,8.2024,50.0000,0.0000,-2.8049
14,9,0.0000,1.5338,0.4729,-22.3859,-3.0186,-14.5949,0.0000,-3.4991
14,10,0.4126,1.4435,0.6353,69.9674,5.4307,50.0000,6.9982,-1.9351
14,11,0.4603,1.3293,1.2436,68.0871,3.5195,50.0000,0.0000,-1.7367
14,12,1.0666,1.3324,1.9298,64.5088,3.8206,50.0000,3.2050,-2.8782
14,13,1.4618,0.8829,1.5642,15.8385,2.7163,30.2175,9.4688,-3.4898
14,14,0.0000,1.0364,0.3876,-12.3615,-2.8386,-8.3248,9.6329,-2.4966
14,15,1.0508,1.4693,2.0000,83.6133,9.6575,50.0000,0.0000,-2.6321
14,16,0.2032,1.8529,1.0179,65.9858,2.2256,39.2143,6.9996,-2.3757
14,17,0.7003,1.7080,1.7242,-30.7080,-0.6591,-1.7255,15.8329,-2.8726
14,18,0.0000,1.5742,1.4435,3.7445,2.5585,14.3907,13.0999,-4.5842
14,19,0.0000,1.2497,0.0000,-14.4521,-2.2981,-11.5641,4.3224,-1.8704
14,20,0.6072,1.5251,0.6589,78.1919,6.9080,50.0000,3.4272,-3.8694
14,21,1.1661,0.9472,2.0000,-26.7003,-3.8335,-13.5277,4.7079,-2.2622
14,22,0.4893,2.0000,1.8982,103.0100,6.1513,50.0000,0.0000,-3.6401
